Resolution,Site,Year_Month,Total_surface_dic_masked,Mean_k_ddic
0.1,4,2004_01,7310504971864.821,0.49384541317424463
0.1,7,2004_01,6587324208193.352,1.650192269309938
0.1,12,2004_01,29041123737382.617,0.7260776341208721
0.1,4,2004_02,10363097226798.951,0.5876343467045041
0.1,7,2004_02,9418044605444.174,1.33394222437996
0.1,12,2004_02,27958268797536.508,0.8620205739454833
0.1,4,2004_03,8281719644043.871,0.8417221500582375
0.1,7,2004_03,6323781731503.587,1.2742612425853472
0.1,12,2004_03,16243735710186.068,1.263046332147237
0.1,4,2004_04,7282283867494.785,0.7622538359817201
0.1,7,2004_04,4802368059873.056,0.6959515190909873
0.1,12,2004_04,10736282235166.25,1.1615330947577596
0.1,4,2004_05,7339046100342.534,0.9948789124926275
0.1,7,2004_05,3436383743618.3477,1.0194659093727452
0.1,12,2004_05,6934380934148.416,1.9811178259921896
0.1,4,2004_06,5896013439017.133,1.041405277429477
0.1,7,2004_06,2484184057463.05,1.4165368645868346
0.1,12,2004_06,4429853943762.87,1.1191242874007015
0.1,4,2004_07,4657908974449.064,0.861948849305144
0.1,7,2004_07,1879104675265.2031,1.019082936415704
0.1,12,2004_07,3074426641989.0957,1.677132585193423
0.1,4,2004_08,3894800403432.132,0.8224189080187322
0.1,7,2004_08,1571176441813.2676,1.3911658778983345
0.1,12,2004_08,1840321216509.1719,1.76579495650414
0.1,4,2004_09,3477803380036.6333,0.6155522735290966
0.1,7,2004_09,1290121969956.8875,0.8695314838647684
0.1,12,2004_09,1476215809292.5051,1.926304451709433
0.1,4,2004_10,3302200829656.741,0.6483915103997224
0.1,7,2004_10,1088750351783.752,1.084061653274906
0.1,12,2004_10,1333834903568.6816,1.889410830065251
0.1,4,2004_11,3171711334274.296,0.7656407756150992
0.1,7,2004_11,949198526278.3503,1.0504210875655897
0.1,12,2004_11,1234870770834.1704,1.6472731477080735
0.1,4,2004_12,2939662427663.309,0.7461979690441104
0.1,7,2004_12,765080454319.9498,0.8972322379832082
0.1,12,2004_12,1028193054050.4425,0.9922257452195291
0.1,4,2005_01,2610751789065.288,0.9161904795532081
0.1,7,2005_01,608170725175.9114,1.0407980735232885
0.1,12,2005_01,927337938617.5116,1.2190977739867357
0.1,4,2005_02,2280882620662.549,0.8928158991455004
0.1,7,2005_02,518124837281.68604,0.9901524910558747
0.1,12,2005_02,796554448628.8488,1.4606302279615389
0.1,4,2005_03,2032880365076.0042,0.7966504352039222
0.1,7,2005_03,475543558339.0243,0.8803042861053474
0.1,12,2005_03,716230585055.4502,1.2342107100330795
0.1,4,2005_04,1810650243893.6377,0.8176747474795305
0.1,7,2005_04,470551665420.1885,0.9363727300637422
0.1,12,2005_04,749639125833.7028,1.6732150191765505
0.1,4,2005_05,1642993293533.5798,0.6684478945734812
0.1,7,2005_05,487473032873.76514,1.0777724952746535
0.1,12,2005_05,780110429119.2981,1.3074254985017302
0.1,4,2005_06,1497001254464.6313,0.6908473685484197
0.1,7,2005_06,543786989440.9734,1.5076488018313916
0.1,12,2005_06,797663012187.3823,1.5567809120365623
0.1,4,2005_07,1386358763398.055,0.6983795551546496
0.1,7,2005_07,586584569374.9062,1.4264611024362714
0.1,12,2005_07,813547403749.8152,1.4493970118117292
0.1,4,2005_08,1293259431395.9446,0.6627266052820677
0.1,7,2005_08,556375702711.2963,1.3894718115496627
0.1,12,2005_08,849209727967.2178,2.2249824606069275
0.1,4,2005_09,1231787080065.83,0.6051221808630235
0.1,7,2005_09,510833733463.8796,1.6987891124273922
0.1,12,2005_09,829828602464.0509,1.3067427346525187
0.1,4,2005_10,1184175482773.837,0.6835090617169642
0.1,7,2005_10,447938215145.5061,1.3070515221566483
0.1,12,2005_10,786591706725.4553,2.0687373552067494
0.1,4,2005_11,1117002845864.7625,0.7391063373001071
0.1,7,2005_11,367054835571.17633,0.9880619918974346
0.1,12,2005_11,683396792027.49,1.4827750731279736
0.1,4,2005_12,1023903094738.8563,0.7503447197134945
0.1,7,2005_12,282173443001.11475,1.240329081310056
0.1,12,2005_12,552756059827.6511,1.5295868606111223
0.1,4,2006_01,939213005228.7708,0.9369212630912775
0.1,7,2006_01,218761611840.28775,1.1527143759966425
0.1,12,2006_01,413412436637.4161,1.1969012875438394
0.1,4,2006_02,851070089182.4402,0.8599076537193999
0.1,7,2006_02,185730034778.5441,0.8636698937129661
0.1,12,2006_02,290297405753.33844,1.4339276382394768
0.1,4,2006_03,772872304025.3057,0.7911400585781043
0.1,7,2006_03,158911462498.97806,0.9602766565898383
0.1,12,2006_03,255490411087.99573,1.9117248754290637
0.1,4,2006_04,709077507688.0707,0.6676903281448402
0.1,7,2006_04,160533517510.29895,0.9465269901013936
0.1,12,2006_04,295549925382.124,1.8836435860167793
0.1,4,2006_05,648634641735.3228,0.6414526401396615
0.1,7,2006_05,170453319940.72803,0.9380299441899912
0.1,12,2006_05,373441976900.94165,2.437587973252173
0.1,4,2006_06,590742934567.4198,0.6998491804254856
0.1,7,2006_06,193262423954.67593,0.9539637660134145
0.1,12,2006_06,423084266405.71893,2.022743882024109
0.1,4,2006_07,536971897847.3426,0.7243229557590662
0.1,7,2006_07,213672105286.59738,1.3073865557905624
0.1,12,2006_07,465905807325.3256,2.4934583262859293
0.1,4,2006_08,490807995563.6758,0.6882950690229098
0.1,7,2006_08,234500765266.45383,1.7632798389113558
0.1,12,2006_08,494110650442.0191,1.187356079663092
0.1,4,2006_09,460957072501.65076,0.6168273528020922
0.1,7,2006_09,229130995172.08817,1.4267545317316848
0.1,12,2006_09,485177184256.7258,2.003844278955012
0.1,4,2006_10,438507039426.4831,0.6689961909516382
0.1,7,2006_10,201790982136.69284,1.2117964940354509
0.1,12,2006_10,455866373236.44556,2.0159626686896615
0.1,4,2006_11,424450865493.40137,0.711004957588922
0.1,7,2006_11,165906852413.484,0.966628822310456
0.1,12,2006_11,408571404249.50745,1.7287979522381716
0.1,4,2006_12,413269870703.97003,0.861173023150969
0.1,7,2006_12,131419422769.11755,0.9096275463262498
0.1,12,2006_12,323102918168.2883,1.4472866060675642
0.1,4,2007_01,395919427476.37177,0.850236515584605
0.1,7,2007_01,104383740997.65161,0.9277278123302244
0.1,12,2007_01,237255280783.23563,1.6602922521378878
0.1,4,2007_02,371202808004.3171,0.8731127235690762
0.1,7,2007_02,91433617063.61125,1.0839497279502428
0.1,12,2007_02,182403506443.34818,1.5021174615645578
0.1,4,2007_03,345377479264.04144,0.8321583973626906
0.1,7,2007_03,86732514183.66754,1.1399772509994928
0.1,12,2007_03,180310216594.88538,2.1081796114275146
0.1,4,2007_04,323078658224.3544,0.6851268562954874
0.1,7,2007_04,88965392662.27496,1.1413794396160901
0.1,12,2007_04,189152754873.52963,1.9166942347842475
0.1,4,2007_05,293941230439.3267,0.7051968301360586
0.1,7,2007_05,97611294844.9327,1.364741977965195
0.1,12,2007_05,206043924503.1303,1.4133487264695932
0.1,4,2007_06,259060994950.34848,0.7246772515199614
0.1,7,2007_06,107799969934.41914,1.5821079214325433
0.1,12,2007_06,219130162357.95834,1.7126617513147135
0.1,4,2007_07,227614674128.7429,0.7291864148106248
0.1,7,2007_07,128128655263.35312,1.8599950494778799
0.1,12,2007_07,231638024984.36615,1.7750905784862323
0.1,4,2007_08,204427615497.26636,0.7317789545508243
0.1,7,2007_08,144222517321.0719,1.8379878931454887
0.1,12,2007_08,233808712726.64124,2.113865558759378
0.1,4,2007_09,190158407073.6186,0.6279356188641054
0.1,7,2007_09,143863014693.99194,1.90103259727074
0.1,12,2007_09,225222254965.98392,2.0848161215002987
0.1,4,2007_10,181972063846.8368,0.7184881064120675
0.1,7,2007_10,124998988810.51915,1.155013959574759
0.1,12,2007_10,217847626728.4841,2.2788472498820806
0.1,4,2007_11,182115087197.59103,0.7706303940895558
0.1,7,2007_11,99653036218.39748,0.9558341533054124
0.1,12,2007_11,203294426838.5373,1.4750370497180245
0.1,4,2007_12,180948484906.2425,0.854001405586405
0.1,7,2007_12,79714090563.66087,0.9536137298831593
0.1,12,2007_12,174650127025.1986,1.6676002961002976
0.25,4,2004_1,7393948065600.206,0.5035300181649222
0.25,7,2004_1,6586176237558.405,1.6251765239467983
0.25,12,2004_1,28412057634331.867,0.7706956280767516
0.25,4,2004_2,9565696138100.455,0.5608584181101253
0.25,7,2004_2,8988718270713.354,1.3778964207115998
0.25,12,2004_2,25521391540452.016,0.8676750727529293
0.25,4,2004_3,7257249555909.35,0.773285190103782
0.25,7,2004_3,5798713095154.979,1.3580036916692084
0.25,12,2004_3,14801512621238.176,1.3169576637229037
0.25,4,2004_4,7183322865316.418,0.6827471950511679
0.25,7,2004_4,4071933875452.4204,0.6884940169666166
0.25,12,2004_4,10005311169004.262,1.1924438400250446
0.25,4,2004_5,7549544007688.895,0.9183580207411949
0.25,7,2004_5,2700643337683.8545,0.9948281072305118
0.25,12,2004_5,6335781240099.965,2.1352921989750384
0.25,4,2004_6,6245192214713.732,0.9753268434454893
0.25,7,2004_6,1880171921987.2761,1.388673202289337
0.25,12,2004_6,3615009798346.227,1.2016447212943746
0.25,4,2004_7,5079078469806.933,0.8176878386364251
0.25,7,2004_7,1398002744353.6711,0.9864337902498104
0.25,12,2004_7,2319705071462.305,1.8269367557043126
0.25,4,2004_8,4297363502341.407,0.7794585814242493
0.25,7,2004_8,1096204504302.4789,1.4401326549774374
0.25,12,2004_8,1539657143721.3179,1.8695387236513357
0.25,4,2004_9,3904649744910.2705,0.6043224766390501
0.25,7,2004_9,892968627293.4668,0.8621984473689833
0.25,12,2004_9,1273095467234.254,1.9925309918157619
0.25,4,2004_10,3759798210798.7417,0.6383340823466354
0.25,7,2004_10,745777098450.3553,1.1162732684945424
0.25,12,2004_10,1215031294864.838,1.7252413784675158
0.25,4,2004_11,3578032831556.4224,0.7253397653761396
0.25,7,2004_11,618314814796.3505,1.1000891483141262
0.25,12,2004_11,1179453270490.0688,1.5229490344952938
0.25,4,2004_12,3235198655392.186,0.6965098955647527
0.25,7,2004_12,489735226062.5644,0.9798735501164171
0.25,12,2004_12,1062386593615.4154,0.9054180807088339
0.25,4,2005_1,2812995514827.036,0.8724100570865265
0.25,7,2005_1,407710976796.0158,1.132124422705231
0.25,12,2005_1,992372134509.653,1.2266081240225981
0.25,4,2005_2,2404298455650.5635,0.8914690237524856
0.25,7,2005_2,361389154322.55176,1.039015575986557
0.25,12,2005_2,871137707942.1215,1.2245096111013432
0.25,4,2005_3,2121364248667.4082,0.8003597028504468
0.25,7,2005_3,316741122952.9797,0.8933916999444399
0.25,12,2005_3,843393880507.3605,1.0463025084328623
0.25,4,2005_4,1898346282041.742,0.8167586943299511
0.25,7,2005_4,296088343201.6273,0.8782804165912802
0.25,12,2005_4,865961580256.6393,1.681763593660568
0.25,4,2005_5,1752895141525.8452,0.6748110050114748
0.25,7,2005_5,288808189773.05817,1.0395034114896966
0.25,12,2005_5,873556200684.13,1.2493607105381397
0.25,4,2005_6,1596219021468.639,0.7007073952010885
0.25,7,2005_6,318380727185.3586,1.5706899967866026
0.25,12,2005_6,882446412309.9359,1.4477344458233543
0.25,4,2005_7,1483103792512.4443,0.6953362283501902
0.25,7,2005_7,353675800783.9646,1.529625499329836
0.25,12,2005_7,879131880555.6029,1.3945925449226981
0.25,4,2005_8,1381683317632.165,0.6687212919266244
0.25,7,2005_8,364316588953.547,1.4799254397951964
0.25,12,2005_8,846390788807.8231,1.9341173071227575
0.25,4,2005_9,1312184156694.7288,0.5906642392583423
0.25,7,2005_9,359065130091.11566,1.936906685352886
0.25,12,2005_9,785046685434.555,1.1488316111456711
0.25,4,2005_10,1272442360451.5637,0.6629160033891901
0.25,7,2005_10,334669841927.38776,1.3911253229120748
0.25,12,2005_10,712134952276.761,1.9113609737884127
0.25,4,2005_11,1210136213299.0552,0.7254188288711123
0.25,7,2005_11,271926233497.4546,1.0542655206286455
0.25,12,2005_11,644655734910.9133,1.2920368758863308
0.25,4,2005_12,1116429303817.6018,0.7394141506169172
0.25,7,2005_12,208685371057.80847,1.2644742848909754
0.25,12,2005_12,539806043356.7528,1.4139855454443864
0.25,4,2006_1,1034784968561.8911,0.9296665203692849
0.25,7,2006_1,157168754037.36386,1.183905499859438
0.25,12,2006_1,417138137593.6339,1.0711504814216886
0.25,4,2006_2,946140572939.0693,0.8560437362121794
0.25,7,2006_2,131188917283.58324,0.8787105470886061
0.25,12,2006_2,321648898061.7587,1.1241942050200127
0.25,4,2006_3,868339533027.8004,0.7841151078818502
0.25,7,2006_3,109292939423.10765,0.9461507214427183
0.25,12,2006_3,308676556220.41174,1.526889400289723
0.25,4,2006_4,795413362856.7693,0.6774923071489487
0.25,7,2006_4,109018825130.79138,0.8687355932265743
0.25,12,2006_4,343362183536.40326,1.7157551235681798
0.25,4,2006_5,726847145842.716,0.6514068478177367
0.25,7,2006_5,117300525710.35452,0.8564977790980891
0.25,12,2006_5,403649053694.7431,2.083768811793627
0.25,4,2006_6,666462306681.9635,0.7133441215036863
0.25,7,2006_6,130831186591.74303,0.9685623265589758
0.25,12,2006_6,431424454709.20044,1.9967670128792185
0.25,4,2006_7,608197522417.0757,0.7256186651321326
0.25,7,2006_7,143098306446.268,1.3034521341947347
0.25,12,2006_7,439098907630.3043,2.4117130604534234
0.25,4,2006_8,559499261231.248,0.6848434400475877
0.25,7,2006_8,161338015787.50125,1.792063706220828
0.25,12,2006_8,425605912293.1497,1.0549404774809648
0.25,4,2006_9,530808455427.0798,0.6043793786249135
0.25,7,2006_9,163170868102.3661,1.4254676810143285
0.25,12,2006_9,400581897832.32324,2.0037250660809334
0.25,4,2006_10,505017485470.3615,0.6504158664830333
0.25,7,2006_10,145032045255.63196,1.2174190875700297
0.25,12,2006_10,372909730342.2743,1.9174722935206476
0.25,4,2006_11,484110191206.3526,0.6867913123025667
0.25,7,2006_11,115345661921.6714,0.9963862862868881
0.25,12,2006_11,333462975809.1263,1.6048909945615122
0.25,4,2006_12,471098714139.1165,0.8477981030594592
0.25,7,2006_12,89851206636.5687,0.8684479955646566
0.25,12,2006_12,273739559923.24823,1.3257346635657534
0.25,4,2007_1,449914358074.69324,0.8517684354330805
0.25,7,2007_1,72052955214.89417,0.9227722319279204
0.25,12,2007_1,203958659243.95428,1.5010341310683535
0.25,4,2007_2,423569536393.0448,0.8489737770636707
0.25,7,2007_2,63326967558.692924,1.0869748063093942
0.25,12,2007_2,164989454839.20233,1.2070731122240401
0.25,4,2007_3,396304956251.53815,0.8445664556825131
0.25,7,2007_3,59422188895.61648,1.058674005978876
0.25,12,2007_3,164619525569.22256,1.9302532108630228
0.25,4,2007_4,370004982651.63464,0.6889184260980987
0.25,7,2007_4,60952354888.51098,1.0235877353339211
0.25,12,2007_4,173010788299.74957,1.6792209909359448
0.25,4,2007_5,339579153913.0412,0.699887748228236
0.25,7,2007_5,67335391460.88556,1.3105574418633141
0.25,12,2007_5,189108734105.65216,1.2484400907596136
0.25,4,2007_6,302727459497.4232,0.7128756556650104
0.25,7,2007_6,71788185279.70848,1.5597031860726291
0.25,12,2007_6,205177340133.0429,1.5111126331867166
0.25,4,2007_7,271753845468.19394,0.7260151659945022
0.25,7,2007_7,86775586407.9802,1.8846011170281909
0.25,12,2007_7,214327520554.14713,1.7928198849844064
0.25,4,2007_8,246793130737.67484,0.7284240024279348
0.25,7,2007_8,100846727899.30597,1.8895331739497485
0.25,12,2007_8,216222195840.6755,1.8412093923054547
0.25,4,2007_9,229889572219.903,0.6171689496871549
0.25,7,2007_9,107037394872.0819,1.9682820033166828
0.25,12,2007_9,211908941683.6319,1.9439163917528728
0.25,4,2007_10,219974186349.08954,0.6962757941080673
0.25,7,2007_10,96223176512.19142,1.188248108334831
0.25,12,2007_10,204609145550.49725,2.072029625521442
0.25,4,2007_11,216855923448.68054,0.7577662660049141
0.25,7,2007_11,78832796012.78265,0.9871298660674609
0.25,12,2007_11,192744860057.17676,1.286610166790352
0.25,4,2007_12,213838122166.71384,0.8412965718400847
0.25,7,2007_12,62736304426.03642,0.9851419904867005
0.25,12,2007_12,168178118176.13922,1.5015805160029212
1,4,2004_01,7275895776406.17,0.5349155811136717
1,7,2004_01,7844467144152.594,1.6464470903814419
1,12,2004_01,24037364250705.2,0.7858961230962367
1,4,2004_02,8072877449190.067,0.6029011268066665
1,7,2004_02,10226496999605.566,1.3817648030329692
1,12,2004_02,21571614621557.15,0.9141528157826722
1,4,2004_03,6782398578018.24,0.839627049319714
1,7,2004_03,6340639059571.595,1.4048962951334696
1,12,2004_03,11506735061119.154,1.3019824786080443
1,4,2004_04,6388153563316.654,0.7421538326893709
1,7,2004_04,4232044854729.66,0.7073384893613237
1,12,2004_04,7368686560748.758,1.1936626202223048
1,4,2004_05,6699415461713.758,0.9628291733188814
1,7,2004_05,2721138335975.17,0.9712374610342772
1,12,2004_05,4478214066649.306,2.1020905460218873
1,4,2004_06,6148298432725.23,0.9960532982190223
1,7,2004_06,1620513561170.2937,1.274844012207208
1,12,2004_06,2587615247376.9717,1.1956732320078147
1,4,2004_07,5603073516744.661,0.7845024517937015
1,7,2004_07,1056290412490.3904,0.925281119182598
1,12,2004_07,1706010742644.2134,1.8938320021894803
1,4,2004_08,5024870158358.494,0.7468522461065453
1,7,2004_08,784963053191.0717,1.329774073785141
1,12,2004_08,1152317603900.3408,1.835741350463766
1,4,2004_09,4446521634230.436,0.5323990951966925
1,7,2004_09,639818761770.638,0.8686945828397661
1,12,2004_09,949440202385.2024,2.031018806197611
1,4,2004_10,4154867514827.3325,0.5661082701095378
1,7,2004_10,560692193936.0957,1.0785411209497435
1,12,2004_10,892374014404.2051,1.6763825274624857
1,4,2004_11,3752860628391.599,0.7236586137773242
1,7,2004_11,476200530461.779,1.0403725926301854
1,12,2004_11,850750278490.6636,1.4150741197104233
1,4,2004_12,3191261737150.2134,0.7204829338815766
1,7,2004_12,361585005858.7303,1.0195235529760698
1,12,2004_12,744740513356.3428,0.8562970765804789
1,4,2005_01,2650505297739.825,0.9443666753912935
1,7,2005_01,305427553134.35474,1.3366843200679603
1,12,2005_01,654225009998.0828,1.2493477538568012
1,4,2005_02,2176111451795.5383,0.9283873556446446
1,7,2005_02,270091824262.9095,1.1378208849988587
1,12,2005_02,544608637227.7391,1.2269600451335982
1,4,2005_03,1888783216628.6404,0.8253963941908338
1,7,2005_03,227618190307.1524,0.8517648386900247
1,12,2005_03,506514386347.2528,1.0414343910020003
1,4,2005_04,1673719976743.4968,0.8271033466791686
1,7,2005_04,202065645420.76483,0.8518778410673918
1,12,2005_04,528753623289.3351,1.7552178823777669
1,4,2005_05,1485706293719.3408,0.6583753148193853
1,7,2005_05,176608625018.2388,1.0565205819006969
1,12,2005_05,552445737746.2229,1.2327830473670187
1,4,2005_06,1307681751585.2488,0.7072479057072989
1,7,2005_06,184794719101.00552,1.5021284508092543
1,12,2005_06,559025885451.9434,1.4866061987381616
1,4,2005_07,1221537103482.6345,0.7136250273323962
1,7,2005_07,212343748209.46655,1.4204195070871093
1,12,2005_07,553096680233.995,1.431114490365681
1,4,2005_08,1163994561071.799,0.6217571215815003
1,7,2005_08,233008328121.82724,1.3517335098375391
1,12,2005_08,527467088515.4291,1.9186330545781756
1,4,2005_09,1133182446730.9336,0.5685131356891834
1,7,2005_09,251336653119.43942,1.7162997657615469
1,12,2005_09,468224140016.1402,1.187676720614403
1,4,2005_10,1127317430381.2048,0.652753278936615
1,7,2005_10,245305209014.68506,1.2300383512212916
1,12,2005_10,411268997164.94226,1.8275103996416338
1,4,2005_11,1087324852152.6471,0.7360017487024094
1,7,2005_11,204682995417.83542,1.1246016362066549
1,12,2005_11,370839570455.9984,1.1896433849357528
1,4,2005_12,1015602547015.6686,0.7550890703066662
1,7,2005_12,158414189720.0245,1.178642881954384
1,12,2005_12,312592201059.0456,1.3560621383015758
1,4,2006_01,945845137471.7346,1.0097878820170665
1,7,2006_01,120773051951.3176,1.4492916082994423
1,12,2006_01,237534631963.60895,1.1571374039582487
1,4,2006_02,859989271323.6641,0.9194038767172192
1,7,2006_02,100955546897.5076,1.0837752724211525
1,12,2006_02,179268805558.99442,1.0713773184198396
1,4,2006_03,786624978750.2883,0.814351186523996
1,7,2006_03,82193487082.44514,1.1022920890646823
1,12,2006_03,172904059167.3708,1.5012357720139655
1,4,2006_04,717627009999.635,0.6842771815099102
1,7,2006_04,78214773957.36182,0.8948927200400962
1,12,2006_04,192904807139.24634,1.6903031087620821
1,4,2006_05,642086341506.75,0.6286064855950348
1,7,2006_05,76737628059.83969,0.7968989790565727
1,12,2006_05,226834075688.94214,1.8066829621582596
1,4,2006_06,580901468917.2375,0.6962443117100824
1,7,2006_06,85073761387.74925,0.9503244701717141
1,12,2006_06,242726943729.0652,1.796113058162039
1,4,2006_07,539448299896.10486,0.7312922218826082
1,7,2006_07,92707543776.82603,1.2438324800494747
1,12,2006_07,250110284047.7084,2.3468888877108607
1,4,2006_08,503915064619.2322,0.628711500663797
1,7,2006_08,103677235755.70467,1.6298171544935167
1,12,2006_08,244077141938.7596,1.0889921687925406
1,4,2006_09,488164142013.04285,0.5922741388570365
1,7,2006_09,108088930769.99077,1.3273686791632295
1,12,2006_09,236642328149.26306,1.8729341986258978
1,4,2006_10,473168413871.2653,0.635294832602466
1,7,2006_10,97048054020.70476,1.2624232585890258
1,12,2006_10,227421040336.7196,1.7677384495416233
1,4,2006_11,456198887534.1137,0.6831668627710665
1,7,2006_11,77485227925.13063,1.0793968011743849
1,12,2006_11,207190163232.5199,1.5182956517173605
1,4,2006_12,441350912898.26465,0.8782568227524502
1,7,2006_12,59415524071.19616,1.0291610802250521
1,12,2006_12,168879157387.74573,1.1520058694029216
1,4,2007_01,419673010691.86005,0.8927666504394749
1,7,2007_01,47128773266.75388,1.057869776361105
1,12,2007_01,122570112130.49084,1.4171643318040197
1,4,2007_02,391776850348.26556,0.8546605370175782
1,7,2007_02,39910330460.0874,1.2078819617879402
1,12,2007_02,97484686678.88007,1.1309794627371814
1,4,2007_03,366854362779.33307,0.8562307183278205
1,7,2007_03,36160991221.858536,1.1282973767155873
1,12,2007_03,103338846670.3855,1.7757024335794156
1,4,2007_04,340430946009.58856,0.6771960442319558
1,7,2007_04,36344871206.64794,1.0326180480909573
1,12,2007_04,112085860233.21721,1.4300220861274835
1,4,2007_05,306189489079.4232,0.6859266197689806
1,7,2007_05,37528770195.87859,1.2417753577730533
1,12,2007_05,128071895420.71814,1.1204554688366533
1,4,2007_06,266632290434.62714,0.6753560680189913
1,7,2007_06,40918669732.69726,1.5648506127825879
1,12,2007_06,139717947979.7704,1.3422399594795453
1,4,2007_07,237242023458.3555,0.7045058367179753
1,7,2007_07,50378662720.37283,1.8138260937567776
1,12,2007_07,142414183738.5204,1.8310413044635774
1,4,2007_08,218085506185.5632,0.6775454504627545
1,7,2007_08,63090967769.14928,1.6844139669534257
1,12,2007_08,141153197594.52847,1.56421129587723
1,4,2007_09,207937829298.78186,0.573651951780525
1,7,2007_09,69128750077.5786,1.6609371387933491
1,12,2007_09,137416485544.00107,1.7886990533615754
1,4,2007_10,204093063132.32397,0.6656000153621242
1,7,2007_10,63314632036.50925,1.1381100985213612
1,12,2007_10,131671147480.57205,1.8806793868829441
1,4,2007_11,202685058101.98343,0.761101823340311
1,7,2007_11,53491657507.91989,1.0758316532137413
1,12,2007_11,122544711786.29865,1.3870922952408722
1,4,2007_12,200701628894.0553,0.8514505133215212
1,7,2007_12,42001272968.798485,1.1480307515117576
1,12,2007_12,105221362066.9444,1.3492503193932195
0.1,5,2004_01,0.0,0.0
0.1,16,2004_01,6281668066518.172,1.480209839335282
0.1,17,2004_01,0.0,0.0
0.1,5,2004_02,0.0,0.0
0.1,16,2004_02,9250224196106.742,1.2847600210896084
0.1,17,2004_02,0.0,0.0
0.1,5,2004_03,0.0,0.0
0.1,16,2004_03,5614132884835.912,1.2122012216681475
0.1,17,2004_03,0.0,0.0
0.1,5,2004_04,0.0,0.0
0.1,16,2004_04,3988247121101.6055,1.1042069947485476
0.1,17,2004_04,0.0,0.0
0.1,5,2004_05,0.0,0.0
0.1,16,2004_05,2715504769750.5044,1.9296724317284766
0.1,17,2004_05,0.0,0.0
0.1,5,2004_06,11810183.655732926,1.131458147863654
0.1,16,2004_06,1678660287281.1128,2.3703859247356167
0.1,17,2004_06,11195842.782925379,0.586768562637973
0.1,5,2004_07,11599617098751.979,1.027067137970965
0.1,16,2004_07,961511027475.1373,2.0068319330485282
0.1,17,2004_07,15947623493061.23,0.6776822129939668
0.1,5,2004_08,11431087819004.498,1.0940257531929214
0.1,16,2004_08,649738580887.2263,1.7320807619205292
0.1,17,2004_08,19056738716612.11,0.798777595876094
0.1,5,2004_09,6681118474298.339,1.850930802758456
0.1,16,2004_09,518493469725.71094,1.5649823310593103
0.1,17,2004_09,9265858125504.244,0.741734671157551
0.1,5,2004_10,2728650356770.968,1.9830489764350823
0.1,16,2004_10,431200311551.99866,1.5586894213693956
0.1,17,2004_10,5982210854770.027,1.052408655320913
0.1,5,2004_11,1179258839733.5542,2.2611100192889824
0.1,16,2004_11,370697672757.4314,1.6893556463412946
0.1,17,2004_11,3541052898934.5117,1.2904226668272374
0.1,5,2004_12,753943249261.9812,2.964863083789285
0.1,16,2004_12,269692502452.1195,1.238806498402964
0.1,17,2004_12,1902688467327.035,1.86135244862376
0.1,5,2005_01,583596452471.2848,2.7453109846517276
0.1,16,2005_01,210332848671.42126,1.5182937968535113
0.1,17,2005_01,1123784253124.2173,2.051571602279202
0.1,5,2005_02,487813151921.362,2.1354476875454314
0.1,16,2005_02,174309650867.06653,1.3267416911191354
0.1,17,2005_02,741560673362.169,1.9126176439185663
0.1,5,2005_03,415695581574.25934,1.7927414328752334
0.1,16,2005_03,152130473720.21136,1.2074337695722805
0.1,17,2005_03,591699376554.2168,1.5628842032333352
0.1,5,2005_04,382199682269.30414,1.738936779079129
0.1,16,2005_04,150776680367.3234,1.7559169512560138
0.1,17,2005_04,500947245329.82086,1.477828254953224
0.1,5,2005_05,322839858000.62103,1.1105316609535218
0.1,16,2005_05,170886433340.64633,2.030911618963337
0.1,17,2005_05,408346134409.17554,0.965085683959888
0.1,5,2005_06,252353352800.60052,1.1344244951551772
0.1,16,2005_06,200170356134.9617,1.3060984890466523
0.1,17,2005_06,301945742862.0361,0.9981038122820952
0.1,5,2005_07,197626773746.07947,1.0602124743350112
0.1,16,2005_07,224458325314.824,2.264292097421286
0.1,17,2005_07,207857869026.04105,0.7679351391886364
0.1,5,2005_08,164138019550.41763,1.2613519013722352
0.1,16,2005_08,262840125792.0094,2.738037422968526
0.1,17,2005_08,143931157188.5275,0.686752310333462
0.1,5,2005_09,176926570382.51883,1.7198507345233056
0.1,16,2005_09,271296924663.6764,1.6761354725988762
0.1,17,2005_09,121269018802.0869,0.7173698456001267
0.1,5,2005_10,209984651811.44812,1.9221812988673241
0.1,16,2005_10,249607610493.0272,1.7656760441802577
0.1,17,2005_10,121697117652.82448,1.0441959401411296
0.1,5,2005_11,229956166443.71793,2.0675357574005124
0.1,16,2005_11,197999781184.92062,1.5688883924597825
0.1,17,2005_11,145175748285.33163,1.3484239006275613
0.1,5,2005_12,239595452608.5923,1.9313062891022137
0.1,16,2005_12,152650918039.08563,1.9542692776908603
0.1,17,2005_12,214909767479.16458,2.293436808560177
0.1,5,2006_01,241829028524.53418,2.7880620592239262
0.1,16,2006_01,121645321650.29466,1.6233442461417924
0.1,17,2006_01,297164110930.9824,1.9503551273146869
0.1,5,2006_02,225674727960.61755,2.2160233226126707
0.1,16,2006_02,102498088859.90785,1.5463595740518625
0.1,17,2006_02,315464745187.6009,1.9444769989790225
0.1,5,2006_03,207953091301.96954,2.04203745852756
0.1,16,2006_03,88529202743.48026,1.4541745269069681
0.1,17,2006_03,282811662114.54895,1.4976447086533384
0.1,5,2006_04,185881829272.57715,1.7542695304765017
0.1,16,2006_04,94688036946.47086,1.7974922833687874
0.1,17,2006_04,236040599369.54218,1.2515391250156223
0.1,5,2006_05,153125352278.08423,1.2135781335004983
0.1,16,2006_05,113109221036.07584,1.9141050471078185
0.1,17,2006_05,183887834053.69363,1.0567695407004498
0.1,5,2006_06,117128726818.3623,1.1702539793953184
0.1,16,2006_06,133385324405.33122,1.860236022829035
0.1,17,2006_06,142900344136.1953,0.7696779292038803
0.1,5,2006_07,86525950265.30402,0.9992112422171526
0.1,16,2006_07,161597631516.0185,1.9286282523865725
0.1,17,2006_07,99427122297.73244,0.9029315363204421
0.1,5,2006_08,64721285717.78752,0.8555680391182743
0.1,16,2006_08,177586694051.27155,2.3453840787316977
0.1,17,2006_08,68638205810.063545,0.7130593025109645
0.1,5,2006_09,60706580503.90911,1.3536496818260333
0.1,16,2006_09,179346063388.9999,2.461572717377494
0.1,17,2006_09,62459344418.18968,0.9419729048060547
0.1,5,2006_10,70864837270.298,1.5231744385346804
0.1,16,2006_10,173670744758.1648,2.5315827066519243
0.1,17,2006_10,72729448645.39221,1.2680427179371774
0.1,5,2006_11,92999885061.4266,2.136177011548986
0.1,16,2006_11,153490824101.94043,1.8756139115537236
0.1,17,2006_11,86458281800.13368,1.3490303988439536
0.1,5,2006_12,110407643805.694,2.374836037069594
0.1,16,2006_12,121994271827.00386,1.699533208660927
0.1,17,2006_12,109966078292.53758,2.1491444799628594
0.1,5,2007_01,121448854412.67206,2.4189806724095972
0.1,16,2007_01,89477202047.46365,1.6546074232524566
0.1,17,2007_01,143140521231.26645,1.9357245532553857
0.1,5,2007_02,124051684926.03018,2.2009364016821396
0.1,16,2007_02,71534879775.3588,1.2384817692529357
0.1,17,2007_02,179092031329.67758,1.8371996579326575
0.1,5,2007_03,120700155543.62924,2.200729054145402
0.1,16,2007_03,61470357290.75744,1.8699246030611552
0.1,17,2007_03,180072467700.22476,1.6101995793235548
0.1,5,2007_04,111669377808.12915,1.621578227867856
0.1,16,2007_04,62755775450.57469,1.559620941470132
0.1,17,2007_04,166741628648.1918,1.8702535226623964
0.1,5,2007_05,95720079924.41638,1.2335717625121523
0.1,16,2007_05,68724805148.05931,2.4837110337222517
0.1,17,2007_05,134166922902.54596,1.0162873395611225
0.1,5,2007_06,73230842532.56104,0.9019980440156925
0.1,16,2007_06,82285864155.62755,1.8508418022927837
0.1,17,2007_06,101204964736.28117,0.8814031845053427
0.1,5,2007_07,52976282940.09274,0.8444318200840439
0.1,16,2007_07,96599207126.76576,1.7188959093490863
0.1,17,2007_07,70831567257.17519,0.8822669902120098
0.1,5,2007_08,42341991190.76854,0.9498725305525277
0.1,16,2007_08,108850404739.72043,2.3301007349955944
0.1,17,2007_08,50702118233.36905,0.7494949619403238
0.1,5,2007_09,41181197810.08261,1.3707790212828106
0.1,16,2007_09,110573346619.79543,2.3752793233658833
0.1,17,2007_09,43585417130.37331,0.8651069019042572
0.1,5,2007_10,45256623482.06415,2.0116588722990767
0.1,16,2007_10,108866298884.58893,2.379645570665261
0.1,17,2007_10,45721695876.80106,1.1245820521221472
0.1,5,2007_11,51619136450.533356,2.035138979775958
0.1,16,2007_11,92395917031.25879,1.5696588495746944
0.1,17,2007_11,58579306265.548744,1.5206925206547586
0.1,5,2007_12,62512872572.26106,2.3679101232381297
0.1,16,2007_12,71273268404.94356,1.6985288006096682
0.1,17,2007_12,76795830596.99104,1.6300147936026717
0.25,5,2004_1,0.0,0.0
0.25,16,2004_1,6139272612426.705,1.5850421643593895
0.25,17,2004_1,0.0,0.0
0.25,5,2004_2,0.0,0.0
0.25,16,2004_2,8322165446667.304,1.336354373581097
0.25,17,2004_2,0.0,0.0
0.25,5,2004_3,0.0,0.0
0.25,16,2004_3,5174589606733.135,1.2575868819217353
0.25,17,2004_3,0.0,0.0
0.25,5,2004_4,0.0,0.0
0.25,16,2004_4,3658989613371.796,1.201745689201375
0.25,17,2004_4,0.0,0.0
0.25,5,2004_5,0.0,0.0
0.25,16,2004_5,2662220925593.108,2.0141499886979366
0.25,17,2004_5,0.0,0.0
0.25,5,2004_6,74611497.57237962,1.333581381012272
0.25,16,2004_6,1718957501991.1255,2.2324840482049217
0.25,17,2004_6,63673541.21019644,0.6390524235762117
0.25,5,2004_7,12504524424585.826,1.1830029748998747
0.25,16,2004_7,972797278069.3828,1.8600169073228354
0.25,17,2004_7,13145359866843.814,0.6524033675756566
0.25,5,2004_8,11506542575112.555,1.2181202307749055
0.25,16,2004_8,655435238415.1426,1.7415756017815551
0.25,17,2004_8,14703762190562.076,0.7635905640314662
0.25,5,2004_9,6730218931543.699,2.0550972927792426
0.25,16,2004_9,529197685124.7672,1.4773469342904515
0.25,17,2004_9,8232340911583.89,0.6781650242255226
0.25,5,2004_10,3111510797013.921,2.046937986092167
0.25,16,2004_10,437613621220.80554,1.595353586253798
0.25,17,2004_10,5742238564484.336,1.1466550128560469
0.25,5,2004_11,1467651191256.898,2.4800142308266224
0.25,16,2004_11,354423846743.9126,1.717855957205059
0.25,17,2004_11,3392144696097.5747,1.2376762258537712
0.25,5,2004_12,598988806760.0073,3.425868378967658
0.25,16,2004_12,257742360840.2978,1.271942757159754
0.25,17,2004_12,1958553208732.4666,1.8270197876953158
0.25,5,2005_1,262171334998.49304,2.8533792093884918
0.25,16,2005_1,197711154583.29025,1.3878420163187397
0.25,17,2005_1,1150327419132.2861,2.0624885103944446
0.25,5,2005_2,200845003240.62845,2.2044467017871394
0.25,16,2005_2,152228930327.56158,1.2216076000825977
0.25,17,2005_2,720810479415.8068,1.9423430556822043
0.25,5,2005_3,164067341901.99213,2.1084827265783455
0.25,16,2005_3,137070867019.5565,1.1777106362289325
0.25,17,2005_3,587734450484.3796,1.578308191441448
0.25,5,2005_4,144314201089.69986,2.041115164566175
0.25,16,2005_4,141451766739.22278,1.4134256712743403
0.25,17,2005_4,516448251233.34467,1.4047760380857544
0.25,5,2005_5,115206471504.71071,1.289946510710063
0.25,16,2005_5,176416411249.14453,1.827737347171176
0.25,17,2005_5,434768521520.8118,1.0392825358992934
0.25,5,2005_6,83955154935.87096,1.322440421166541
0.25,16,2005_6,214764985224.8217,1.139669672601984
0.25,17,2005_6,320363877670.2791,1.0852769269105
0.25,5,2005_7,62665787959.25825,1.220490299569193
0.25,16,2005_7,238506297874.79263,1.851767465380405
0.25,17,2005_7,217270036588.43637,0.7891506345240298
0.25,5,2005_8,50818528013.156296,1.5002156996008642
0.25,16,2005_8,271472664238.41434,2.402208991556166
0.25,17,2005_8,157643551928.77292,0.6440645592055274
0.25,5,2005_9,53680428750.46796,1.904716776005236
0.25,16,2005_9,272225353755.39084,1.3391269130616794
0.25,17,2005_9,138713113216.4232,0.6410890805534328
0.25,5,2005_10,67596828103.90116,2.3409434672835068
0.25,16,2005_10,249247356596.5415,1.432179851890091
0.25,17,2005_10,146437455695.836,0.9575303564884102
0.25,5,2005_11,76402558320.9068,2.3094464359359073
0.25,16,2005_11,190050781497.26886,1.3858770395002393
0.25,17,2005_11,177510432796.51956,1.2033807495028959
0.25,5,2005_12,83229198683.90627,2.408499645727829
0.25,16,2005_12,146252049026.3735,1.5805686485995087
0.25,17,2005_12,259601247977.78503,2.181011821964666
0.25,5,2006_1,89298546160.1857,3.171130100843285
0.25,16,2006_1,115312306459.61443,1.375927392318745
0.25,17,2006_1,369097142313.4604,1.899957819560912
0.25,5,2006_2,88804263770.0887,2.1498892667296507
0.25,16,2006_2,94560896380.52803,1.1998411949930758
0.25,17,2006_2,409635010047.2161,1.6510980381251694
0.25,5,2006_3,87084925092.39566,2.3346667608515146
0.25,16,2006_3,87980536542.60722,1.1766861625012315
0.25,17,2006_3,370321340321.43445,1.4812534788798095
0.25,5,2006_4,83673127370.98264,2.053882974037763
0.25,16,2006_4,101184959409.0524,1.6669677762352213
0.25,17,2006_4,323974818285.06744,1.2781225123625344
0.25,5,2006_5,69184328599.07898,1.3874577014479639
0.25,16,2006_5,123905639494.50098,1.5368183211253035
0.25,17,2006_5,254350857259.7571,1.0082553960717993
0.25,5,2006_6,52003465953.62965,1.4372872315898713
0.25,16,2006_6,154876292689.70346,1.593996109947053
0.25,17,2006_6,199187373779.50745,0.7309817025328188
0.25,5,2006_7,37552281609.95686,1.1570810479169331
0.25,16,2006_7,189494672656.02982,1.6553881127482302
0.25,17,2006_7,137604573483.42075,0.8258864853249992
0.25,5,2006_8,27605699187.80706,1.0347037558070327
0.25,16,2006_8,204228929578.362,1.751169153069543
0.25,17,2006_8,100218414737.28851,0.6808181184939464
0.25,5,2006_9,24814081999.03334,1.5624360668140937
0.25,16,2006_9,198776024489.23593,1.8572896064403062
0.25,17,2006_9,96069002542.64827,0.831106930672604
0.25,5,2006_10,27720957836.552116,2.033411672296322
0.25,16,2006_10,180462481200.38077,2.128688468069254
0.25,17,2006_10,107477637836.66391,1.0838349400970493
0.25,5,2006_11,41052066671.56655,2.9457317106701186
0.25,16,2006_11,156336093142.79843,1.6090638918524531
0.25,17,2006_11,126127117972.65561,1.2105324526817396
0.25,5,2006_12,53794398270.99696,2.999764732222948
0.25,16,2006_12,121638329748.99066,1.435404111402677
0.25,17,2006_12,152847800690.48462,1.822573119810766
0.25,5,2007_1,60392939673.062096,2.7559323001577214
0.25,16,2007_1,89446470302.07114,1.2188284713251498
0.25,17,2007_1,197040495531.18515,1.7864169878932121
0.25,5,2007_2,63049366133.175,2.872586332932109
0.25,16,2007_2,69925948910.7419,0.7867724869835313
0.25,17,2007_2,243678733195.2125,1.868905883249687
0.25,5,2007_3,63419642695.44574,2.973321138231137
0.25,16,2007_3,59983038841.07076,1.3860953548517916
0.25,17,2007_3,253717249265.7627,1.5406387989943342
0.25,5,2007_4,58094972604.2364,2.0109180282379966
0.25,16,2007_4,62477754899.68039,1.0307440730987387
0.25,17,2007_4,230675841529.6599,1.6881049602500169
0.25,5,2007_5,49432280482.67345,1.6022350225557374
0.25,16,2007_5,69394899181.9752,1.5952708919029992
0.25,17,2007_5,184461139934.00443,0.9872779817311358
0.25,5,2007_6,36041614108.165245,1.1086790058342229
0.25,16,2007_6,87966410098.47575,1.554128560830161
0.25,17,2007_6,139272091741.1703,0.8365390335171358
0.25,5,2007_7,24606542343.725105,0.9756380736350092
0.25,16,2007_7,109971515647.67046,1.3606808136971582
0.25,17,2007_7,96283695829.50491,0.8140422671467574
0.25,5,2007_8,20946926906.207092,1.215106806039468
0.25,16,2007_8,124346451933.70345,1.758520942298037
0.25,17,2007_8,72304265575.78015,0.6793198389901354
0.25,5,2007_9,22123857026.620552,1.9768123571828795
0.25,16,2007_9,124163605905.21046,1.6138054712109011
0.25,17,2007_9,67351133429.055,0.7683502097730492
0.25,5,2007_10,24457177214.5502,2.5674189200718196
0.25,16,2007_10,118528840732.70029,2.08188291651409
0.25,17,2007_10,70044215166.53963,0.9589601137470636
0.25,5,2007_11,28825749855.527336,2.5063199507643956
0.25,16,2007_11,95650523036.37508,1.057191517893043
0.25,17,2007_11,88543024080.43634,1.2980778238087127
0.25,5,2007_12,36742356902.581696,3.008250012288131
0.25,16,2007_12,71020048182.29999,1.231709574211422
0.25,17,2007_12,114221695794.83224,1.4110213872649044
1,5,2004_01,0.0,0.0
1,16,2004_01,5840721319060.301,1.4992250515293684
1,17,2004_01,0.0,0.0
1,5,2004_02,0.0,0.0
1,16,2004_02,8023119155153.998,1.2584115227687822
1,17,2004_02,0.0,0.0
1,5,2004_03,0.0,0.0
1,16,2004_03,4980270139508.072,1.146167977043264
1,17,2004_03,0.0,0.0
1,5,2004_04,0.0,0.0
1,16,2004_04,3592345141935.569,1.1566496521016052
1,17,2004_04,0.0,0.0
1,5,2004_05,0.0,0.0
1,16,2004_05,2492550905765.6924,1.93929045025208
1,17,2004_05,0.0,0.0
1,5,2004_06,956998807.6290597,1.2706502712533878
1,16,2004_06,1550184483437.469,2.315537533277614
1,17,2004_06,758906135.3040872,0.6439884371544877
1,5,2004_07,12176508620539.396,1.1958882448323926
1,16,2004_07,803540769217.0703,1.91210207135698
1,17,2004_07,13363243848327.781,0.6383657213821523
1,5,2004_08,11055831869959.73,1.2526787016962644
1,16,2004_08,509233145142.05286,1.7417686418192937
1,17,2004_08,17225814647694.412,0.7566146836781177
1,5,2004_09,6294826364933.193,2.13036533849786
1,16,2004_09,421448716514.2074,1.4225658560517345
1,17,2004_09,8851612842928.793,0.7067575317711936
1,5,2004_10,2935304839865.2393,2.0550508713533198
1,16,2004_10,343835257110.362,1.5757650358147626
1,17,2004_10,6008864020987.8,1.131424355665285
1,5,2004_11,1465444574828.1475,2.5514517367500953
1,16,2004_11,278231821416.7202,1.610771386217288
1,17,2004_11,3083012533171.1885,1.3225141230163062
1,5,2004_12,523504124206.74567,3.744039372732442
1,16,2004_12,203441920548.96332,1.3836059710543762
1,17,2004_12,1452599762082.1318,1.9881958527857677
1,5,2005_01,179736347571.3132,3.227419741171338
1,16,2005_01,157952373121.8418,1.3331673828817197
1,17,2005_01,818510162782.3154,2.2084738175907135
1,5,2005_02,147833694925.1166,2.182796069745629
1,16,2005_02,135990961649.62924,1.1681119289126616
1,17,2005_02,506823907587.6146,2.020700241754118
1,5,2005_03,129833738053.08348,1.9451451222487721
1,16,2005_03,126918100423.42575,1.1539760315678649
1,17,2005_03,426504382695.2309,1.5769218175622486
1,5,2005_04,120171304055.14941,2.018404778333702
1,16,2005_04,132534246445.45276,1.2563975803655871
1,17,2005_04,393401708480.36395,1.577103767998501
1,5,2005_05,99941314089.11766,1.4770450204410441
1,16,2005_05,154894180882.22043,1.585243988577217
1,17,2005_05,350755874432.569,1.0412289221694357
1,5,2005_06,73764969932.1848,1.2646232474233579
1,16,2005_06,180827209442.59018,0.9748596459583545
1,17,2005_06,258397880636.68436,1.1244818967308772
1,5,2005_07,56503783835.75053,1.1285488575272569
1,16,2005_07,197850332698.78207,1.7161768189954527
1,17,2005_07,166719820294.4172,0.8308611058142572
1,5,2005_08,46032770408.509674,1.399781429408196
1,16,2005_08,224161642041.19662,2.3521057263557976
1,17,2005_08,119785415277.38512,0.6600074083716194
1,5,2005_09,48265174924.681885,1.9175066739025592
1,16,2005_09,223148197330.31668,1.2445877978190218
1,17,2005_09,110920104862.91139,0.6109510121246858
1,5,2005_10,54453159368.76535,2.376598285635542
1,16,2005_10,192583419066.57117,1.519174631511357
1,17,2005_10,122958047922.81828,0.9777141344739992
1,5,2005_11,67047332723.94016,2.3505476424643135
1,16,2005_11,146139595389.57318,1.5299851928116763
1,17,2005_11,150642947422.3207,1.3070601292076804
1,5,2005_12,80085731194.21577,2.256289421133229
1,16,2005_12,109031304618.34793,1.6488493577563934
1,17,2005_12,216116734289.4178,2.3465557865675324
1,5,2006_01,92194516802.12265,3.195404180007425
1,16,2006_01,83635628487.34167,1.2904827203108735
1,17,2006_01,284636132742.8325,1.9305664855125946
1,5,2006_02,95652368755.72244,2.026818293196765
1,16,2006_02,69019154925.89331,1.0690314780815118
1,17,2006_02,310809529172.1778,1.9120804796507402
1,5,2006_03,98253326637.58902,2.270310202662964
1,16,2006_03,63295717676.50833,1.0226051626415977
1,17,2006_03,273896828396.31558,1.4596529447925974
1,5,2006_04,97155803915.91939,2.0483290137348487
1,16,2006_04,77262759358.1393,1.7032691303376892
1,17,2006_04,220546433360.7169,1.235901245731256
1,5,2006_05,83280498565.77016,1.506198278585033
1,16,2006_05,94375306078.1817,1.4506359471119938
1,17,2006_05,167249159779.96445,1.033866069943439
1,5,2006_06,63500758632.80608,1.340763842991932
1,16,2006_06,116750028603.50125,1.3860959846557226
1,17,2006_06,131917519895.56575,0.7154253820280545
1,5,2006_07,46912901466.129,1.0512573555265066
1,16,2006_07,145272788924.74078,1.642428650181392
1,17,2006_07,85750513579.92322,0.8244645167982525
1,5,2006_08,36209036366.1169,0.9693302030734116
1,16,2006_08,160845151108.90118,1.4903032787839787
1,17,2006_08,62811171038.95924,0.6854964266421536
1,5,2006_09,33100544635.782715,1.4067564480654635
1,16,2006_09,156946143592.7066,1.6750941673046422
1,17,2006_09,63711042384.19386,0.8470632573651655
1,5,2006_10,36648184923.629326,2.089515766036234
1,16,2006_10,139502044045.4633,1.8972092014168522
1,17,2006_10,76939814630.73212,1.0788977913333722
1,5,2006_11,55103347523.284836,3.070687878849008
1,16,2006_11,116249853459.27545,1.4632655145719848
1,17,2006_11,92955046810.50412,1.2641910765429547
1,5,2006_12,72143193976.54372,3.024471891217705
1,16,2006_12,90317487736.60759,1.4164984426776988
1,17,2006_12,111115893118.56285,1.9768176009165148
1,5,2007_01,78926231971.23251,2.7956288087190515
1,16,2007_01,68765612131.26706,1.2935153986574113
1,17,2007_01,139882569430.96213,1.8548690675743527
1,5,2007_02,81700378620.0052,2.6137248917786113
1,16,2007_02,54630245673.16098,0.902821944640319
1,17,2007_02,179664708570.34244,1.9329326766853656
1,5,2007_03,82557665946.62735,2.8853770302355124
1,16,2007_03,48361010571.58669,1.2747252818443033
1,17,2007_03,184979708066.1592,1.5309742321783728
1,5,2007_04,75365912972.853,2.0129821671379555
1,16,2007_04,50934343369.06191,0.969393187189197
1,17,2007_04,168148611842.46088,1.6952889626949856
1,5,2007_05,63152648775.49116,1.4875112124798648
1,16,2007_05,57315998020.80008,1.5442389085958492
1,17,2007_05,132539879484.53674,1.0566844983026022
1,5,2007_06,46612236510.5816,1.0341455060808231
1,16,2007_06,70352315068.64696,1.5323276966111177
1,17,2007_06,97209359162.30077,0.8767222748425704
1,5,2007_07,34031588717.432735,0.9344070619885659
1,16,2007_07,90130349946.26903,1.3875496790897877
1,17,2007_07,62264989251.65119,0.8113962242305621
1,5,2007_08,29301665128.69648,1.1985442111027993
1,16,2007_08,106235721264.12627,1.7430213595592163
1,17,2007_08,44681718813.184586,0.6433029613974619
1,5,2007_09,30892978437.899178,1.949526483454293
1,16,2007_09,107164202899.08861,1.6395551632718297
1,17,2007_09,43735787535.598076,0.7279045027318899
1,5,2007_10,33510688545.069355,2.51026770935757
1,16,2007_10,99271652807.33127,1.9474739800588114
1,17,2007_10,47733700266.63551,0.9300927521859768
1,5,2007_11,40919619335.841446,2.394811942354684
1,16,2007_11,78395500840.9833,0.9942956581202858
1,17,2007_11,61881709499.60637,1.3424876947802677
1,5,2007_12,51296197094.6474,2.9360112376833145
1,16,2007_12,58884902633.357925,1.2644286009383465
1,17,2007_12,78417470577.68083,1.4115805378540534
0.1,6,2004_01,13669544012078.963,1.3148935072414325
0.1,8,2004_01,0.0,0.0
0.1,18,2004_01,0.0,0.0
0.1,6,2004_02,16996631320853.797,1.7663266808513938
0.1,8,2004_02,0.0,0.0
0.1,18,2004_02,0.0,0.0
0.1,6,2004_03,9103138681186.652,2.1157439648330865
0.1,8,2004_03,0.0,0.0
0.1,18,2004_03,0.0,0.0
0.1,6,2004_04,6612542764716.632,1.30884815381928
0.1,8,2004_04,0.0,0.0
0.1,18,2004_04,0.0,0.0
0.1,6,2004_05,4695182795685.476,1.408824933483096
0.1,8,2004_05,0.0,0.0
0.1,18,2004_05,0.0,0.0
0.1,6,2004_06,3277587331316.8135,2.345787757233545
0.1,8,2004_06,7590504.198050611,0.9796732482766409
0.1,18,2004_06,7559208.458845349,0.7919516604176073
0.1,6,2004_07,2417736017605.8896,2.3103301193878822
0.1,8,2004_07,10224682870908.715,0.5621147150315928
0.1,18,2004_07,14878994138970.07,0.9656658410338768
0.1,6,2004_08,1783650255387.9612,2.026224159979749
0.1,8,2004_08,11370706109483.379,1.0678937279499994
0.1,18,2004_08,21549529518282.117,0.699917308271063
0.1,6,2004_09,1399393880864.9856,2.0764971677942916
0.1,8,2004_09,7801603827191.185,0.3938843154477497
0.1,18,2004_09,13516195800505.97,0.6163730794430491
0.1,6,2004_10,1201637361760.429,1.6660326016491893
0.1,8,2004_10,6714216783082.54,0.8312067285539672
0.1,18,2004_10,9375239072249.328,0.7234172268911
0.1,6,2004_11,1070554136540.94,1.718784364133142
0.1,8,2004_11,6377573932677.921,1.0456745901210953
0.1,18,2004_11,5564837971193.398,0.5855937815116814
0.1,6,2004_12,893447823342.8208,1.0069847514279595
0.1,8,2004_12,5050434401273.934,1.0877470181894155
0.1,18,2004_12,3516556911650.6704,1.0529016996454312
0.1,6,2005_01,645052299249.3511,1.363970689847866
0.1,8,2005_01,4210837013289.077,0.8205647475729243
0.1,18,2005_01,1868781899058.416,0.5855386518384375
0.1,6,2005_02,512547259119.6815,1.4807495640650794
0.1,8,2005_02,3710755128921.109,0.6150437050563632
0.1,18,2005_02,1209517065895.1711,0.837415152663224
0.1,6,2005_03,509903436562.0237,2.0459952902502923
0.1,8,2005_03,3385645458052.8896,0.6955458838912717
0.1,18,2005_03,1012824984869.4037,0.6519107460996567
0.1,6,2005_04,581149451306.1956,1.7364673684313312
0.1,8,2005_04,3130951231914.0024,0.4035929433500134
0.1,18,2005_04,895127313844.8937,0.8339190220451692
0.1,6,2005_05,578992374735.923,2.095909709764534
0.1,8,2005_05,2875725386983.4126,0.36797683883088333
0.1,18,2005_05,798325864903.0021,0.80583194213847
0.1,6,2005_06,557639290636.2568,2.3097106689491333
0.1,8,2005_06,2549116748134.4214,0.5741707566643293
0.1,18,2005_06,725122792745.6108,0.6630087444319434
0.1,6,2005_07,529573589119.81323,2.336266385121373
0.1,8,2005_07,2346951960508.7017,0.670741283819715
0.1,18,2005_07,649565861743.1675,0.876490523864726
0.1,6,2005_08,494242287130.77106,2.497435799893594
0.1,8,2005_08,2091303883945.2366,0.6904999214184624
0.1,18,2005_08,596045863342.9828,0.748269738286275
0.1,6,2005_09,459776528519.859,1.4224693767122214
0.1,8,2005_09,1943869689950.0715,0.6896190942431041
0.1,18,2005_09,574083642744.3793,0.7575409853374447
0.1,6,2005_10,431850244960.6379,1.8155710665524167
0.1,8,2005_10,1815348269510.3843,0.583819654832138
0.1,18,2005_10,571579071168.6458,0.46468595112028666
0.1,6,2005_11,390147237412.1714,1.4119601095732608
0.1,8,2005_11,1696837498436.1653,0.6197382055466677
0.1,18,2005_11,582632968852.6006,0.7794113718208415
0.1,6,2005_12,313811005410.0385,1.381117862086916
0.1,8,2005_12,1590731159578.3672,0.9977743344061459
0.1,18,2005_12,592554884220.1145,0.7546551945035485
0.1,6,2006_01,188086520391.81516,1.4746842988834343
0.1,8,2006_01,1471377298451.8647,0.7910270719228185
0.1,18,2006_01,574351054199.522,0.7791750354355753
0.1,6,2006_02,155282721297.54437,1.7438140922741048
0.1,8,2006_02,1355744462985.4048,0.8107327607263223
0.1,18,2006_02,575353486291.3788,0.8164330153853309
0.1,6,2006_03,145851717324.9718,2.1480825052088703
0.1,8,2006_03,1282964788427.38,0.5434600140178703
0.1,18,2006_03,535018182686.6295,0.8254835239910842
0.1,6,2006_04,160933333204.64948,1.9461374532418092
0.1,8,2006_04,1204997744970.2122,0.4348757627460552
0.1,18,2006_04,476647345400.00256,0.7479794289905944
0.1,6,2006_05,175074258152.43494,2.189510995968276
0.1,8,2006_05,1122847899496.3926,0.48002243155723323
0.1,18,2006_05,438273712570.1535,0.7632610837537543
0.1,6,2006_06,186365084100.0916,2.313778892177918
0.1,8,2006_06,1010330187678.7214,0.6264200282627909
0.1,18,2006_06,390863283068.72327,0.7239688551833832
0.1,6,2006_07,193207237293.72116,2.192448421228229
0.1,8,2006_07,901875203677.0559,0.9266886771159586
0.1,18,2006_07,340091949222.0417,0.8836231008998241
0.1,6,2006_08,193899441672.06107,1.9122543308078181
0.1,8,2006_08,803595880222.1423,0.8003233170872948
0.1,18,2006_08,300570451607.60364,0.8262500991223147
0.1,6,2006_09,194595277056.41537,2.596692962240456
0.1,8,2006_09,743536135342.1343,0.630886040087731
0.1,18,2006_09,282213695055.5977,0.6592244160860559
0.1,6,2006_10,183088808415.24963,1.7188437929905365
0.1,8,2006_10,697266478998.7642,0.6648634334225578
0.1,18,2006_10,273705785144.7586,0.6077335183666014
0.1,6,2006_11,167614160273.06677,1.6288503396330711
0.1,8,2006_11,672100660143.3192,0.6418072544928056
0.1,18,2006_11,276902794099.1154,0.6019480964687367
0.1,6,2006_12,131782213809.413,1.5618927953106116
0.1,8,2006_12,641637560437.3911,0.9927288966497373
0.1,18,2006_12,300232063786.817,0.7719936737161531
0.1,6,2007_01,95108061863.17206,1.8993399637809818
0.1,8,2007_01,595392062035.6936,0.9790131741516597
0.1,18,2007_01,318847702768.1296,0.6996287051909367
0.1,6,2007_02,69218675938.2848,1.7542444469782787
0.1,8,2007_02,561781652124.3441,0.6843902523328841
0.1,18,2007_02,316499939696.0979,0.8041513217571367
0.1,6,2007_03,62150414515.67362,2.508770600434932
0.1,8,2007_03,531738654719.42035,0.6036138632607949
0.1,18,2007_03,307254864801.6543,0.9538784697837018
0.1,6,2007_04,69193743001.69296,2.494668795159186
0.1,8,2007_04,506924827029.98956,0.5309492086429453
0.1,18,2007_04,290921662840.2917,0.6572739681859847
0.1,6,2007_05,78771813519.33842,1.9916833733090344
0.1,8,2007_05,462248097417.40045,0.5374606627449777
0.1,18,2007_05,255492608104.6393,0.8688922590936918
0.1,6,2007_06,84921804225.37828,2.1178822324217825
0.1,8,2007_06,413808442291.0447,0.5693711838456
0.1,18,2007_06,221846039272.6127,0.7699228330622085
0.1,6,2007_07,95401281247.36067,2.673207650247959
0.1,8,2007_07,373065670148.0833,0.7346668250238565
0.1,18,2007_07,191138356664.30734,0.9851488071152977
0.1,6,2007_08,96663160570.66449,2.4074465625595307
0.1,8,2007_08,335887458100.32587,0.8805993282723686
0.1,18,2007_08,169837313324.91916,0.8404311188893256
0.1,6,2007_09,97589507408.1164,1.87279398071002
0.1,8,2007_09,306151390914.77795,0.7230819358610264
0.1,18,2007_09,163410352235.9004,0.7130588184436449
0.1,6,2007_10,94745635209.50873,1.966683183983991
0.1,8,2007_10,287024583784.45355,0.73588638159898
0.1,18,2007_10,161414849490.97882,0.6484364402418021
0.1,6,2007_11,85884748023.25447,1.7670223758928199
0.1,8,2007_11,272041441650.78577,0.9319438803123692
0.1,18,2007_11,176123366858.35367,0.7243604730254622
0.1,6,2007_12,72419224548.27791,2.121892351799516
0.1,8,2007_12,261440556725.24255,0.9089274296246581
0.1,18,2007_12,190387715003.43317,0.8579882641324016
0.25,6,2004_1,13776977104161.842,1.3726637491646239
0.25,8,2004_1,0.0,0.0
0.25,18,2004_1,0.0,0.0
0.25,6,2004_2,17129609074803.693,1.80623603482407
0.25,8,2004_2,0.0,0.0
0.25,18,2004_2,0.0,0.0
0.25,6,2004_3,8789069612421.215,2.232475853748382
0.25,8,2004_3,0.0,0.0
0.25,18,2004_3,0.0,0.0
0.25,6,2004_4,5754927145487.811,1.4866840785349285
0.25,8,2004_4,0.0,0.0
0.25,18,2004_4,0.0,0.0
0.25,6,2004_5,3847261070920.7104,1.6386934798039905
0.25,8,2004_5,0.0,0.0
0.25,18,2004_5,0.0,0.0
0.25,6,2004_6,2444020950997.3687,2.491530372122951
0.25,8,2004_6,71133084.63393733,0.9168378260961727
0.25,18,2004_6,62389590.20262348,0.7459152873548928
0.25,6,2004_7,1808418593847.5251,2.6762687975235346
0.25,8,2004_7,9724805568484.906,0.53780155536521
0.25,18,2004_7,13796490802207.164,1.0011730473809168
0.25,6,2004_8,1391914985849.7278,2.2065611259118674
0.25,8,2004_8,10431397078431.605,1.049409517498261
0.25,18,2004_8,19315376217021.496,0.7363088924616588
0.25,6,2004_9,1157228630220.6714,2.425206414380028
0.25,8,2004_9,7246723378205.605,0.37715978546356754
0.25,18,2004_9,11501178706974.125,0.6431354902940749
0.25,6,2004_10,994369528172.5667,1.9121521991340396
0.25,8,2004_10,6873450765628.497,0.7819374622576838
0.25,18,2004_10,7713896381822.602,0.7644586390812133
0.25,6,2004_11,869417012777.7125,1.8442588978255814
0.25,8,2004_11,6244235479687.154,1.0907279163022312
0.25,18,2004_11,4925822724883.559,0.6097638094579473
0.25,6,2004_12,766826432375.2532,1.0786080236910915
0.25,8,2004_12,4949853218666.38,1.220287429745184
0.25,18,2004_12,3049411567040.792,1.1235214608156765
0.25,6,2005_1,553663389505.9989,1.5309007905022853
0.25,8,2005_1,3938946916235.367,0.84377693148805
0.25,18,2005_1,1407942400904.0808,0.5769942807587274
0.25,6,2005_2,437537519626.0404,1.593525974094123
0.25,8,2005_2,3318847864208.8433,0.6101891419997649
0.25,18,2005_2,811186929348.3602,0.8102738938584682
0.25,6,2005_3,416449190402.38605,2.4126569067505352
0.25,8,2005_3,2892042741663.049,0.740814010666042
0.25,18,2005_3,654751741045.9419,0.7225119630773872
0.25,6,2005_4,482003292564.2472,2.070923644386213
0.25,8,2005_4,2514337293601.419,0.4257320799884963
0.25,18,2005_4,576908388733.2673,0.8591894511390522
0.25,6,2005_5,506488920201.1057,2.352302944629012
0.25,8,2005_5,2172999288449.2107,0.39340284322647495
0.25,18,2005_5,540752218992.9141,0.8781406522720627
0.25,6,2005_6,481516125251.2146,2.525297299917456
0.25,8,2005_6,1994219066607.1147,0.6550599473784883
0.25,18,2005_6,509097832801.11237,0.7485555232316371
0.25,6,2005_7,444471053944.43713,2.6248674923980895
0.25,8,2005_7,1906164799290.6626,0.7031958883702645
0.25,18,2005_7,479697731977.76013,0.9405633406235544
0.25,6,2005_8,403945031487.0322,2.8947722526395707
0.25,8,2005_8,1790951516300.5002,0.7012563621329234
0.25,18,2005_8,451193113972.68994,0.7515099867501729
0.25,6,2005_9,368583403749.2556,1.585392566741816
0.25,8,2005_9,1702994398270.0215,0.737262542318225
0.25,18,2005_9,441307147208.92,0.847106052811056
0.25,6,2005_10,343461821705.88477,1.9797946738767256
0.25,8,2005_10,1638963938716.4006,0.7431706401756879
0.25,18,2005_10,415081212760.5605,0.5036667031754162
0.25,6,2005_11,318950504359.2866,1.5512503166299543
0.25,8,2005_11,1550197196445.3435,0.7673761909940797
0.25,18,2005_11,394146310724.86017,0.8089348257848997
0.25,6,2005_12,264277881736.0582,1.5352004588644104
0.25,8,2005_12,1430627645767.0151,1.2612349794242401
0.25,18,2005_12,375481652142.3839,0.7264645236902318
0.25,6,2006_1,163431187687.8423,1.7222264815191148
0.25,8,2006_1,1286778592984.2144,0.8771651253675335
0.25,18,2006_1,389019051505.94867,0.8034052829195845
0.25,6,2006_2,133046780465.32391,2.0123227819221263
0.25,8,2006_2,1160202196657.0522,0.9035049020842697
0.25,18,2006_2,411106474529.2941,0.8993800171502081
0.25,6,2006_3,128079851692.58456,2.2452950996058694
0.25,8,2006_3,1082980194627.41,0.5667580714039937
0.25,18,2006_3,383189644039.51556,0.8049091314905292
0.25,6,2006_4,156577129843.47675,2.2468429772088983
0.25,8,2006_4,1001004732295.6155,0.44007578216953164
0.25,18,2006_4,323926783370.69244,0.7415368585478168
0.25,6,2006_5,176606811542.34424,2.5772010717129223
0.25,8,2006_5,932142625421.9124,0.4739585695649005
0.25,18,2006_5,307974954055.6577,0.8375443386013813
0.25,6,2006_6,188404883650.41266,2.4816034426246754
0.25,8,2006_6,858784002633.8134,0.5947710247620316
0.25,18,2006_6,282046759398.0281,0.7196089997545871
0.25,6,2006_7,190762130143.42307,2.624288521194367
0.25,8,2006_7,790098898939.4448,0.9001076886630281
0.25,18,2006_7,269188762677.62067,0.9267988922714078
0.25,6,2006_8,185646370294.31934,2.254428486604468
0.25,8,2006_8,729134660957.9109,0.7767434682875362
0.25,18,2006_8,260977896625.24368,0.864282202962914
0.25,6,2006_9,180540928582.6025,3.046314157249361
0.25,8,2006_9,687668727695.4702,0.6217339949553193
0.25,18,2006_9,248711724883.46506,0.6877756307778048
0.25,6,2006_10,171167642549.0142,2.1454810096545933
0.25,8,2006_10,655838612772.2606,0.6789085129973983
0.25,18,2006_10,228218013481.35846,0.7123308318326257
0.25,6,2006_11,161245261743.89566,1.7835813748936573
0.25,8,2006_11,634249998103.2878,0.6724964317671533
0.25,18,2006_11,206129923458.67636,0.6485494067163091
0.25,6,2006_12,133156197082.51045,1.90839438408473
0.25,8,2006_12,605876964458.8055,1.0996817128521585
0.25,18,2006_12,207317664723.1697,0.8269394788294614
0.25,6,2007_1,99378103912.96767,1.9241420352216947
0.25,8,2007_1,566812152571.9081,1.0494890618789663
0.25,18,2007_1,211682295864.36108,0.6002061603342097
0.25,6,2007_2,69641842900.7753,1.9826571677811073
0.25,8,2007_2,538865578875.7147,0.7346226059799105
0.25,18,2007_2,214943262848.45377,0.7724611726273255
0.25,6,2007_3,65509147655.86157,2.7512657689069275
0.25,8,2007_3,506928009275.27594,0.6356749607208748
0.25,18,2007_3,206206601271.84445,1.009528756242733
0.25,6,2007_4,73430855173.37039,2.720983030704585
0.25,8,2007_4,479245095763.59705,0.5614191627060007
0.25,18,2007_4,209047393899.16922,0.7144556849966125
0.25,6,2007_5,86282738955.9634,2.265812352295334
0.25,8,2007_5,435040231806.8624,0.5229951901619989
0.25,18,2007_5,198226132141.04987,0.919693779731595
0.25,6,2007_6,95789591166.65274,2.3021012618131067
0.25,8,2007_6,389965644079.6888,0.5304782237208792
0.25,18,2007_6,184205235463.98734,0.8886645166948888
0.25,6,2007_7,103695537261.42523,2.681228718572905
0.25,8,2007_7,355193876839.53815,0.6675845181011139
0.25,18,2007_7,179703781796.77783,1.2213916973599763
0.25,6,2007_8,108147740021.14146,2.5317008582022087
0.25,8,2007_8,324445890550.9875,0.8304479163192651
0.25,18,2007_8,174267435599.18588,0.9905571991111389
0.25,6,2007_9,110858507353.24756,2.0538434450242655
0.25,8,2007_9,298846571761.6122,0.689441561566786
0.25,18,2007_9,167811046561.0558,0.703176147053573
0.25,6,2007_10,108884510224.30273,2.255193548389017
0.25,8,2007_10,283254034216.0985,0.7463259004712105
0.25,18,2007_10,156488914869.95016,0.669390145057318
0.25,6,2007_11,102207793043.87106,1.9221293118448306
0.25,8,2007_11,271734032367.56674,0.9546266225543589
0.25,18,2007_11,151079997609.98276,0.7099830953362118
0.25,6,2007_12,90026346123.56792,2.1621566583874468
0.25,8,2007_12,263906912250.16803,0.9413699219338179
0.25,18,2007_12,139768025001.47153,0.7953547873352033
1,6,2004_01,14931783521522.596,1.3323923721146718
1,8,2004_01,0.0,0.0
1,18,2004_01,0.0,0.0
1,6,2004_02,17696281672528.453,1.7539254020240476
1,8,2004_02,0.0,0.0
1,18,2004_02,0.0,0.0
1,6,2004_03,8842487081394.434,2.1801757517863787
1,8,2004_03,0.0,0.0
1,18,2004_03,0.0,0.0
1,6,2004_04,5692628005777.36,1.3688078399339734
1,8,2004_04,0.0,0.0
1,18,2004_04,0.0,0.0
1,6,2004_05,3642543310740.7983,1.5443673190345375
1,8,2004_05,0.0,0.0
1,18,2004_05,0.0,0.0
1,6,2004_06,2176892919576.9822,2.4458881243287616
1,8,2004_06,1056992679.8128985,0.9413115132888427
1,18,2004_06,910445272.4325371,0.7805699303424884
1,6,2004_07,1625561394598.1538,2.4528491860337915
1,8,2004_07,10866251045951.844,0.5416981779855591
1,18,2004_07,14870909058203.133,1.0311355354222713
1,6,2004_08,1286786442728.232,2.116217798741239
1,8,2004_08,10788045401470.871,1.0401634610252173
1,18,2004_08,20236882413007.19,0.7086632759792115
1,6,2004_09,1076671616082.8567,2.4378648520250352
1,8,2004_09,7432583084324.963,0.41025538934733136
1,18,2004_09,11707548567224.77,0.6049549310598843
1,6,2004_10,924855834998.9933,1.8114786547464685
1,8,2004_10,6956669950183.257,0.7530933088986582
1,18,2004_10,7234685200515.861,0.7085908942158428
1,6,2004_11,834590514426.0714,1.851447043747289
1,8,2004_11,6173172658387.363,1.0218432059086653
1,18,2004_11,4348454321274.621,0.556666718064434
1,6,2004_12,705285879171.7987,1.0782889634737707
1,8,2004_12,5071719415944.549,1.1141374113500253
1,18,2004_12,2623204944051.4497,1.0047420672721834
1,6,2005_01,467595637317.8945,1.4504911880877076
1,8,2005_01,4004689245796.9106,0.8162420214385291
1,18,2005_01,1458278889079.7925,0.5121554736982032
1,6,2005_02,365817935686.9241,1.6743799530921275
1,8,2005_02,3380129391113.329,0.5805433442369061
1,18,2005_02,896070106491.2336,0.7530141197675013
1,6,2005_03,355043927133.8766,2.3461631968486274
1,8,2005_03,3040898516051.563,0.7090006765837149
1,18,2005_03,655071571137.1597,0.6295103396655606
1,6,2005_04,437548061299.77966,2.2115190581825295
1,8,2005_04,2760313109002.579,0.4072361956777238
1,18,2005_04,533649470256.5821,0.7203010178371474
1,6,2005_05,484323299519.12225,2.3509733021584807
1,8,2005_05,2379939675905.46,0.32494607132433717
1,18,2005_05,458240249465.42316,0.7249938729953501
1,6,2005_06,472354572040.5902,2.4354474679242553
1,8,2005_06,2050437666803.5679,0.5734994694314268
1,18,2005_06,398380878882.62537,0.6360075461110571
1,6,2005_07,454287670428.99756,2.697210454391665
1,8,2005_07,1882417530697.864,0.6409602664946957
1,18,2005_07,364407537090.8975,0.7352764969149583
1,6,2005_08,431359898497.9311,3.0567292103678994
1,8,2005_08,1704542499592.4531,0.684836313101056
1,18,2005_08,348569251620.4717,0.6018556648307832
1,6,2005_09,405754330701.65405,1.7508765999577736
1,8,2005_09,1578253971463.7776,0.6776558865168807
1,18,2005_09,368611248420.7558,0.6357102003878924
1,6,2005_10,381756711686.98804,2.1477900407197743
1,8,2005_10,1509085266633.2568,0.5569366632929504
1,18,2005_10,387926804852.7814,0.44846785766540426
1,6,2005_11,353776266418.5543,1.6454699639629728
1,8,2005_11,1431006542327.7837,0.6166690039343492
1,18,2005_11,411708099912.4217,0.7032528202198278
1,6,2005_12,273693665085.42993,1.615387567187407
1,8,2005_12,1368252637556.792,1.081216528977594
1,18,2005_12,400267132832.3803,0.7434718861403337
1,6,2006_01,156509070150.8553,1.9298611169484587
1,8,2006_01,1243081284165.5112,0.8183954697200959
1,18,2006_01,379425954225.1646,0.6294238556351375
1,6,2006_02,125860214537.20425,2.2756401523278607
1,8,2006_02,1128007641829.3933,0.8855975483531545
1,18,2006_02,373491964619.63275,0.6972203755640124
1,6,2006_03,117921217643.16711,2.364883837812389
1,8,2006_03,1044731438293.9932,0.5525159673268683
1,18,2006_03,335441398040.2833,0.6990549932522292
1,6,2006_04,141973094013.50204,2.4111500511464583
1,8,2006_04,966832230608.231,0.42390360748820793
1,18,2006_04,283104482361.2558,0.5515481274516492
1,6,2006_05,173340648002.0833,2.8772451959871503
1,8,2006_05,897825533006.9285,0.47641778359811193
1,18,2006_05,246930396157.73645,0.728807095629629
1,6,2006_06,198715343320.5086,2.5593706834066414
1,8,2006_06,816569113641.3579,0.5967933812689431
1,18,2006_06,212200557687.57855,0.6037226649115291
1,6,2006_07,206919042731.14874,2.451939402705048
1,8,2006_07,745085497914.442,0.9124687692443275
1,18,2006_07,185000819206.52808,0.6202381883872601
1,6,2006_08,204257757713.671,2.218335891865232
1,8,2006_08,688849923457.535,0.7670405988880761
1,18,2006_08,181217671209.6099,0.7166385529510965
1,6,2006_09,197071349405.1601,3.0168021475103193
1,8,2006_09,649263307802.7994,0.5907825681751232
1,18,2006_09,184167837464.0358,0.573505333649353
1,6,2006_10,187113546445.03534,2.3182409237144443
1,8,2006_10,611050054543.6101,0.6598800802497897
1,18,2006_10,191004885434.52728,0.6011649884242362
1,6,2006_11,177011431381.93634,1.7494354240994834
1,8,2006_11,586928423251.1129,0.6396482537014225
1,18,2006_11,197237367679.62625,0.5785136290665772
1,6,2006_12,149685061250.47003,1.9181571047063555
1,8,2006_12,575618938037.6187,1.0709977104098338
1,18,2006_12,213675062351.62283,0.6651893510272574
1,6,2007_01,109600100778.08138,1.7967748630843192
1,8,2007_01,547229142382.0526,1.0458959961006689
1,18,2007_01,218826172827.10406,0.5322409020726018
1,6,2007_02,77926027776.02487,2.016823872269741
1,8,2007_02,511863462639.0926,0.7011701895798139
1,18,2007_02,214940558280.14374,0.6767311817617111
1,6,2007_03,69832049735.92377,2.704679494163816
1,8,2007_03,483427083698.9086,0.6041323677289969
1,18,2007_03,201277809929.19485,0.8418995262468179
1,6,2007_04,78934061615.85524,2.7623581080023234
1,8,2007_04,461365769805.40497,0.5434144256239825
1,18,2007_04,184101501920.91632,0.5594942290644789
1,6,2007_05,96311393849.44751,2.356105657401219
1,8,2007_05,427435717907.0834,0.5054631961687223
1,18,2007_05,155986008633.19873,0.7433636181088686
1,6,2007_06,106383604034.56642,2.1196405033211145
1,8,2007_06,388987808568.9052,0.5450585186773841
1,18,2007_06,131468122438.22984,0.6247889562022363
1,6,2007_07,116270108947.66563,2.5228429317422725
1,8,2007_07,359108047919.8442,0.7065184914139417
1,18,2007_07,118054301605.8272,0.8152833535677453
1,6,2007_08,122585350702.16931,2.4894110521393173
1,8,2007_08,331312778064.1283,0.8628063067144082
1,18,2007_08,112704760897.2387,0.6986390433614623
1,6,2007_09,123650485918.80453,2.0570305431268725
1,8,2007_09,307381619682.4109,0.6802194758042004
1,18,2007_09,115575462984.77855,0.5669648573649594
1,6,2007_10,121137941703.10138,2.10919947859462
1,8,2007_10,291702422006.2861,0.7239987698589933
1,18,2007_10,119655251864.80359,0.6383204690570293
1,6,2007_11,112922942664.48515,1.7464671753788756
1,8,2007_11,278234577251.95,0.9546456934578762
1,18,2007_11,132000020914.72774,0.8037633353322328
1,6,2007_12,100944340280.03574,2.6203616706644084
1,8,2007_12,272286986856.2543,0.9321526723210625
1,18,2007_12,135998328942.46092,0.7708819915073034
0.1,3,2004_01,0.0,0.0
0.1,13,2004_01,15462963158451.686,1.2286031028797877
0.1,21,2004_01,0.0,0.0
0.1,3,2004_02,0.0,0.0
0.1,13,2004_02,13200347318998.65,1.7721607664883061
0.1,21,2004_02,0.0,0.0
0.1,3,2004_03,0.0,0.0
0.1,13,2004_03,3557073883640.4487,2.9164034903100795
0.1,21,2004_03,0.0,0.0
0.1,3,2004_04,0.0,0.0
0.1,13,2004_04,1390220885191.3582,2.3844826038922196
0.1,21,2004_04,0.0,0.0
0.1,3,2004_05,0.0,0.0
0.1,13,2004_05,888009450096.8823,3.5957030747930054
0.1,21,2004_05,0.0,0.0
0.1,3,2004_06,9835075.841785531,1.0826068982384376
0.1,13,2004_06,697009263755.188,2.479161953410312
0.1,21,2004_06,11586983.971662141,0.6120186633700739
0.1,3,2004_07,6733154683539.845,0.9755334190166323
0.1,13,2004_07,594289603307.2592,2.328182637194444
0.1,21,2004_07,16546679147485.34,0.49222980693169616
0.1,3,2004_08,9092936651702.943,1.0717988020050213
0.1,13,2004_08,579569386144.971,2.250353635191737
0.1,21,2004_08,16564873178415.178,0.5279444179913741
0.1,3,2004_09,7001077943120.905,0.8950649074583623
0.1,13,2004_09,527271148698.0558,1.7628325932590696
0.1,21,2004_09,10414531011838.375,0.8847791893274546
0.1,3,2004_10,5500080662762.382,0.8995478538518453
0.1,13,2004_10,463632338301.21246,2.603959096386452
0.1,21,2004_10,6328603845285.0625,0.8072770522775938
0.1,3,2004_11,4493520788419.174,0.8225487117054876
0.1,13,2004_11,391253573595.45825,2.1165467822420623
0.1,21,2004_11,4041306717719.8516,0.9353954250198074
0.1,3,2004_12,3549779328807.4463,1.029061056965653
0.1,13,2004_12,229238620704.39136,1.6429766232941647
0.1,21,2004_12,2529613727675.522,1.0521534735228444
0.1,3,2005_01,2799457250371.187,0.7992354606911483
0.1,13,2005_01,95800598206.81326,1.0791691785955742
0.1,21,2005_01,1681134685670.3765,1.1801161379941023
0.1,3,2005_02,2512248150970.625,1.0844275001519288
0.1,13,2005_02,72917413142.56656,2.1609852174999467
0.1,21,2005_02,1075911558565.5298,1.3281462913306519
0.1,3,2005_03,2121166974770.852,1.0262303764169498
0.1,13,2005_03,81062416070.62405,2.2500704776350715
0.1,21,2005_03,795216319190.4073,1.4792773129532852
0.1,3,2005_04,1756732370074.5269,1.0351478672304029
0.1,13,2005_04,109465860511.55849,3.168419527850447
0.1,21,2005_04,623828309185.227,1.0112582719917247
0.1,3,2005_05,1461496403855.9314,0.7351044673211898
0.1,13,2005_05,173111819052.21042,2.3498725241091245
0.1,21,2005_05,509406702495.3103,0.7660668011929996
0.1,3,2005_06,1231037735112.7004,0.9332928118116266
0.1,13,2005_06,231540001418.61398,2.6762469353312373
0.1,21,2005_06,400836084589.5076,0.6564998723444619
0.1,3,2005_07,1065002176111.2882,1.0285605851615003
0.1,13,2005_07,255501832834.73328,2.003239575659948
0.1,21,2005_07,291603349844.8248,0.4992456179810491
0.1,3,2005_08,923793951361.2596,0.705808541736339
0.1,13,2005_08,263255050912.4254,1.9636617438060424
0.1,21,2005_08,233139295626.6308,0.5434358939340761
0.1,3,2005_09,829089677376.9937,0.9844192037744594
0.1,13,2005_09,283004384430.05927,1.6015396864719382
0.1,21,2005_09,219051470311.92352,0.8988991781307668
0.1,3,2005_10,814867244814.2495,0.9916696157497915
0.1,13,2005_10,294941314111.8754,1.307865424069521
0.1,21,2005_10,233286792241.29745,1.171205341181412
0.1,3,2005_11,829423283139.6973,0.8662141767134638
0.1,13,2005_11,293996110387.0151,1.3164267049587535
0.1,21,2005_11,279423193241.644,1.1910390548829988
0.1,3,2005_12,881774620881.6736,0.7972558456786297
0.1,13,2005_12,220970329916.6289,1.3415329117505204
0.1,21,2005_12,330050085746.3287,1.1387657249603254
0.1,3,2006_01,933311671179.3109,1.175497449550084
0.1,13,2006_01,138277836898.09482,1.0880605466843427
0.1,21,2006_01,352615226564.5457,1.386304794000622
0.1,3,2006_02,919694696375.1586,1.0457851818630568
0.1,13,2006_02,114902011433.5093,1.042666710144301
0.1,21,2006_02,364781908994.53174,1.3335648453012188
0.1,3,2006_03,842145874545.296,0.857638025691271
0.1,13,2006_03,116814409964.32207,1.6898647808220988
0.1,21,2006_03,362173975133.01886,1.4532602781830934
0.1,3,2006_04,745728579644.8765,1.0396703191900203
0.1,13,2006_04,158039301593.9866,1.928748050217914
0.1,21,2006_04,328184731521.64325,0.8973869495889509
0.1,3,2006_05,630027520559.7644,0.8500627279191011
0.1,13,2006_05,199132121823.15112,1.7587334137967494
0.1,21,2006_05,276161203118.40735,0.8103344971058694
0.1,3,2006_06,504645852106.67706,0.8495965547454325
0.1,13,2006_06,213648525040.3015,1.528691843639205
0.1,21,2006_06,213340982376.65158,0.696210651699343
0.1,3,2006_07,440959021734.4573,0.9425759406684668
0.1,13,2006_07,231834363657.27542,2.0892817529560204
0.1,21,2006_07,161885707477.70407,0.650971436105716
0.1,3,2006_08,398330223298.8527,0.7928697358649612
0.1,13,2006_08,228592338070.8784,1.6198257649635492
0.1,21,2006_08,129944086343.40555,0.6557699137010341
0.1,3,2006_09,381022387972.3002,0.6417911617023682
0.1,13,2006_09,233676556498.75027,1.709707470059449
0.1,21,2006_09,131613802396.33334,0.9680917650727241
0.1,3,2006_10,403274095660.74493,0.8395146069926731
0.1,13,2006_10,244523007226.99118,1.6059857123421133
0.1,21,2006_10,155704633486.6226,1.045660466943587
0.1,3,2006_11,428787379057.0518,0.7784146328812546
0.1,13,2006_11,254406624103.7228,1.4139889241611026
0.1,21,2006_11,187443862236.5002,1.3865316986008807
0.1,3,2006_12,474817350156.9907,1.0173050854465264
0.1,13,2006_12,244005999946.66678,0.9018820589866919
0.1,21,2006_12,228464364433.57263,1.5992144317137902
0.1,3,2007_01,513658808869.8572,1.120359257544552
0.1,13,2007_01,191651410622.82138,1.1538661513814796
0.1,21,2007_01,252096214747.90857,1.5035563980215545
0.1,3,2007_02,534922615518.5835,0.8610020501534663
0.1,13,2007_02,152795495331.93265,0.8314529562300808
0.1,21,2007_02,271099983533.4378,1.6703362299467226
0.1,3,2007_03,495064516815.32794,0.8098753391824147
0.1,13,2007_03,165727199295.13455,1.345506846840006
0.1,21,2007_03,259844026413.67725,1.2725123355614165
0.1,3,2007_04,448322369783.05194,0.827007603214618
0.1,13,2007_04,180478102003.2196,1.1375534956456512
0.1,21,2007_04,240302304297.8317,0.9538517186621412
0.1,3,2007_05,393990895543.1514,0.6191297007099494
0.1,13,2007_05,195038056518.09073,1.0222155754094862
0.1,21,2007_05,201434816713.99048,0.8741481937717355
0.1,3,2007_06,347531440950.3227,0.6895236895536039
0.1,13,2007_06,202112031249.5605,1.099695272928734
0.1,21,2007_06,161190418948.99072,0.6827216117014059
0.1,3,2007_07,343310525763.5323,0.7363183050014606
0.1,13,2007_07,209387457389.0909,1.5986961845541112
0.1,21,2007_07,122741204832.7588,0.6667593476242127
0.1,3,2007_08,341922125460.67896,0.7292022547472199
0.1,13,2007_08,213213871938.80176,1.4205973731008485
0.1,21,2007_08,102268390499.96951,0.7320160386297693
0.1,3,2007_09,342670304002.2471,0.7327619414585583
0.1,13,2007_09,219476959377.3291,1.5509134441816759
0.1,21,2007_09,97860094139.04143,0.7976702434564688
0.1,3,2007_10,351576221653.59625,0.7955843982646095
0.1,13,2007_10,220546950535.27426,1.7322991651161388
0.1,21,2007_10,108163261104.98943,1.016407780523437
0.1,3,2007_11,353402692009.4298,0.905043734987012
0.1,13,2007_11,210275695738.4851,1.1179917164021644
0.1,21,2007_11,132375325779.08618,1.107425027697921
0.1,3,2007_12,358544857084.59656,0.9968392480057247
0.1,13,2007_12,188362472893.45312,1.2204672172060764
0.1,21,2007_12,164761753579.5005,1.344034706232634
0.25,3,2004_1,0.0,0.0
0.25,13,2004_1,15082217373621.297,1.231104567981057
0.25,21,2004_1,0.0,0.0
0.25,3,2004_2,0.0,0.0
0.25,13,2004_2,13016959092827.506,1.7348022791785827
0.25,21,2004_2,0.0,0.0
0.25,3,2004_3,0.0,0.0
0.25,13,2004_3,3815259749227.26,2.8523868143298716
0.25,21,2004_3,0.0,0.0
0.25,3,2004_4,0.0,0.0
0.25,13,2004_4,1755815639356.4255,2.489253178331007
0.25,21,2004_4,0.0,0.0
0.25,3,2004_5,0.0,0.0
0.25,13,2004_5,1099616550643.1343,3.95298307162372
0.25,21,2004_5,0.0,0.0
0.25,3,2004_6,66198750.38232222,1.0373445350027541
0.25,13,2004_6,826445543217.8412,2.6039785900856685
0.25,21,2004_6,58451585.127122074,0.6048989670220188
0.25,3,2004_7,6804919095894.2,0.9603695462009004
0.25,13,2004_7,661388801810.7925,3.305902742078104
0.25,21,2004_7,14905937704273.11,0.4758205007038431
0.25,3,2004_8,9108118189417.867,1.0538345739160466
0.25,13,2004_8,558241575756.8287,3.146818364091192
0.25,21,2004_8,16130794115120.055,0.5156387445951964
0.25,3,2004_9,7166838019007.862,0.8901050341218334
0.25,13,2004_9,483369700694.05597,2.611942398131706
0.25,21,2004_9,10110390735321.084,0.8976292364730522
0.25,3,2004_10,5629417587873.011,0.8781367246039615
0.25,13,2004_10,425412439597.0757,3.203822308614599
0.25,21,2004_10,6058597448316.4,0.8202955809575967
0.25,3,2004_11,4448406452878.019,0.8095146355033003
0.25,13,2004_11,368813798083.4216,3.165329779073036
0.25,21,2004_11,3721237912617.7227,0.9562137721106861
0.25,3,2004_12,3506640633092.8467,1.021474871733718
0.25,13,2004_12,222878394070.997,2.2748455826711624
0.25,21,2004_12,2435781665665.6235,1.1135445659982088
0.25,3,2005_1,2749142660263.196,0.7072419955984456
0.25,13,2005_1,99778745240.16321,1.2553126397422392
0.25,21,2005_1,1612312342632.2388,1.2541283111007995
0.25,3,2005_2,2462761569169.4634,1.0593861608453357
0.25,13,2005_2,71258495831.76149,2.195332737946087
0.25,21,2005_2,1056763197885.658,1.357719135685233
0.25,3,2005_3,2103317546262.6343,0.9498127974720787
0.25,13,2005_3,93362148573.41705,2.32204800318704
0.25,21,2005_3,746945389708.2543,1.501493389338219
0.25,3,2005_4,1730325082173.4426,1.0612177902709248
0.25,13,2005_4,139249044811.37216,3.3413617796270043
0.25,21,2005_4,587071738981.1047,1.1413739253496422
0.25,3,2005_5,1370533318472.3687,0.7438639733348165
0.25,13,2005_5,189901344873.86243,3.6599708017451027
0.25,21,2005_5,477045294635.39844,0.8257157741080846
0.25,3,2005_6,1153362536955.0276,0.9648366205462141
0.25,13,2005_6,214048854255.13037,2.9298524679970184
0.25,21,2005_6,375263499377.62164,0.6868711972519131
0.25,3,2005_7,989029389275.8696,1.0692778560244345
0.25,13,2005_7,222799663477.56866,2.968629737424755
0.25,21,2005_7,285556010431.58704,0.5172460427751399
0.25,3,2005_8,849650018326.2913,0.7360814744090962
0.25,13,2005_8,230790080605.33484,2.5201880521367004
0.25,21,2005_8,238411799088.98367,0.529008485890852
0.25,3,2005_9,754010731466.2316,1.0269876837749248
0.25,13,2005_9,231103931780.54114,2.2219769026478184
0.25,21,2005_9,218977059405.92575,0.894599919006094
0.25,3,2005_10,719636401952.6936,1.0209757940159485
0.25,13,2005_10,232909221158.93054,1.6452698961670755
0.25,21,2005_10,223472469111.8718,1.1815478150986527
0.25,3,2005_11,736183076036.473,0.8570791553593116
0.25,13,2005_11,225828998108.6895,1.429555545575056
0.25,21,2005_11,262568034732.54767,1.1917156086299237
0.25,3,2005_12,802840884305.977,0.7810994550558853
0.25,13,2005_12,178793568622.76068,0.6780631524537974
0.25,21,2005_12,303195946277.2983,1.2365078126372067
0.25,3,2006_1,882607671836.7654,1.2344633911328762
0.25,13,2006_1,109372348897.14656,1.1494944021745215
0.25,21,2006_1,324931833970.0873,1.6319291217749394
0.25,3,2006_2,869304373722.9137,1.01930495877841
0.25,13,2006_2,82671806986.8624,1.7045192378914962
0.25,21,2006_2,337147678289.595,1.6252694317977776
0.25,3,2006_3,798439801558.9088,0.8451672600104037
0.25,13,2006_3,89054985050.98387,2.264491250035875
0.25,21,2006_3,335925626057.15533,1.6598650709859086
0.25,3,2006_4,705325386836.3483,1.0760958735716526
0.25,13,2006_4,119417481876.66382,2.8364593715231523
0.25,21,2006_4,300645965374.47955,0.9990944979024943
0.25,3,2006_5,586768479535.6135,0.8449596765435705
0.25,13,2006_5,159856977707.41663,2.7036036767702614
0.25,21,2006_5,248181934879.73187,0.9468869628120546
0.25,3,2006_6,473539699066.48065,0.8729729539237002
0.25,13,2006_6,180132174707.86075,2.3109253683557336
0.25,21,2006_6,188276472417.1019,0.7390709981412449
0.25,3,2006_7,409554678660.6493,0.96011969564749
0.25,13,2006_7,183486372586.58282,1.9102013162082727
0.25,21,2006_7,137484978464.73212,0.726079629341839
0.25,3,2006_8,357906008320.69977,0.7864578304282195
0.25,13,2006_8,176939513062.63306,3.729646836437923
0.25,21,2006_8,111607578956.78331,0.6879324422282465
0.25,3,2006_9,333270713869.6648,0.6310496262142962
0.25,13,2006_9,170652191765.904,2.0600790108638596
0.25,21,2006_9,115515876220.23079,0.9555102748973758
0.25,3,2006_10,347633107054.3245,0.8255672439235787
0.25,13,2006_10,166027882681.39673,1.769326694386146
0.25,21,2006_10,136520628603.55737,1.049247574267011
0.25,3,2006_11,360573944816.9573,0.8083355171385008
0.25,13,2006_11,156724319502.15088,2.089449868386091
0.25,21,2006_11,162155721996.79678,1.4769850135739002
0.25,3,2006_12,404156725292.0133,1.0630987238990772
0.25,13,2006_12,121132455416.52057,1.2922190039005532
0.25,21,2006_12,197774169092.1742,1.9133304264414939
0.25,3,2007_1,445985653958.3734,1.1562958692734202
0.25,13,2007_1,74150063267.5623,1.1001198583507854
0.25,21,2007_1,222213137891.18582,2.1514174809538074
0.25,3,2007_2,483983012099.1726,0.8929828168442082
0.25,13,2007_2,50032852283.626114,1.4991611334453647
0.25,21,2007_2,238912381553.9649,2.184637764275251
0.25,3,2007_3,455287512986.2475,0.8136510446860727
0.25,13,2007_3,52763510990.433,2.2868031459001523
0.25,21,2007_3,231481791184.84964,1.6560371374096123
0.25,3,2007_4,419634548952.73376,0.8160843227387858
0.25,13,2007_4,73587508145.24927,1.7454816038232517
0.25,21,2007_4,214438628685.97293,1.2854697006975027
0.25,3,2007_5,376553063838.8995,0.5878894848406175
0.25,13,2007_5,93453231710.88373,2.056916149267705
0.25,21,2007_5,179600730025.03006,1.0890375619324282
0.25,3,2007_6,352977703095.77325,0.6692217078098847
0.25,13,2007_6,114104505536.87204,2.2582146296476164
0.25,21,2007_6,139692349364.1441,0.749642179807672
0.25,3,2007_7,367984337781.52545,0.7084761574842112
0.25,13,2007_7,122865623568.501,2.9155191663211077
0.25,21,2007_7,104939408539.2479,0.757982917954604
0.25,3,2007_8,383130146867.5549,0.7212375466869958
0.25,13,2007_8,124443858587.11247,2.028432746732751
0.25,21,2007_8,85518805556.35837,0.8003681738931945
0.25,3,2007_9,390508831379.1814,0.7648852865379676
0.25,13,2007_9,122194815034.54016,1.3989502064550075
0.25,21,2007_9,79821975946.07153,0.847327514452011
0.25,3,2007_10,407855817134.9723,0.775771060278913
0.25,13,2007_10,120575142158.19693,2.3126164241637017
0.25,21,2007_10,91706589620.51726,1.2201857969503753
0.25,3,2007_11,408450738220.7097,0.8950966117184621
0.25,13,2007_11,113375027618.88858,1.679618984976651
0.25,21,2007_11,110923384460.12141,1.221804004626321
0.25,3,2007_12,410948836459.54614,1.01076908846881
0.25,13,2007_12,93401252608.01831,1.4130462371052355
0.25,21,2007_12,143700305040.72943,1.8041875577371265
1,3,2004_01,0.0,0.0
1,13,2004_01,11440106877042.668,1.1875763599985136
1,21,2004_01,0.0,0.0
1,3,2004_02,0.0,0.0
1,13,2004_02,10379242873035.668,1.6686615091065506
1,21,2004_02,0.0,0.0
1,3,2004_03,0.0,0.0
1,13,2004_03,3574767882811.536,2.6892995441888567
1,21,2004_03,0.0,0.0
1,3,2004_04,0.0,0.0
1,13,2004_04,1573234895367.2344,2.2053643681801116
1,21,2004_04,0.0,0.0
1,3,2004_05,0.0,0.0
1,13,2004_05,941863295782.5433,3.2235981488088736
1,21,2004_05,0.0,0.0
1,3,2004_06,962701668.6307352,1.017467768313997
1,13,2004_06,649930590828.3667,2.304963813961985
1,21,2004_06,678706523.453815,0.6182505965857039
1,3,2004_07,7111517785538.753,0.9633297092489606
1,13,2004_07,467420849727.32263,3.206491621491293
1,21,2004_07,12141563018436.535,0.5376034245477945
1,3,2004_08,9523954543130.15,1.0551917622525353
1,13,2004_08,375205670820.26807,3.0445660005169928
1,21,2004_08,10937690191595.793,0.5749478578176734
1,3,2004_09,7199174211963.276,0.8415579377569127
1,13,2004_09,327155325592.8377,2.871281771433555
1,21,2004_09,7002754291495.505,0.7551584685478417
1,3,2004_10,5585520213819.266,0.8474785589612995
1,13,2004_10,290499760301.7996,3.1347713278615372
1,21,2004_10,4282388887763.7104,1.1079213687904832
1,3,2004_11,4406727143165.009,0.8441468949806535
1,13,2004_11,242326927151.31683,2.8359743240801474
1,21,2004_11,2644017265652.523,1.302667013428506
1,3,2004_12,3540122847020.3633,0.9975310739637336
1,13,2004_12,143749178117.34756,2.242616783193429
1,21,2004_12,1869751022198.2534,1.4806767942187387
1,3,2005_01,2933972130927.7534,0.6939683687122262
1,13,2005_01,83046042437.50452,1.7411196683947343
1,21,2005_01,1275733511822.2354,1.6647016056132415
1,3,2005_02,2536542625105.6064,1.044688310511864
1,13,2005_02,71086418490.50713,2.3832139878670513
1,21,2005_02,869351103364.2415,1.6831161789894
1,3,2005_03,2155969884781.3203,0.9472123751171384
1,13,2005_03,74423557977.46535,2.8101688497118564
1,21,2005_03,654097273448.7793,1.7925535595914952
1,3,2005_04,1736142044918.4204,1.0310388539657938
1,13,2005_04,91531278614.20482,3.2575251199219935
1,21,2005_04,526216928959.8396,1.33813140110777
1,3,2005_05,1372609116141.2231,0.7311754869023448
1,13,2005_05,112228494774.3641,3.881752331372811
1,21,2005_05,412474618213.2575,1.012919828105284
1,3,2005_06,1152538686387.8694,0.9451888100424284
1,13,2005_06,121931019645.76888,3.4184941174085357
1,21,2005_06,311781297482.86584,0.9158666897021708
1,3,2005_07,968591075956.2305,1.0416929177309964
1,13,2005_07,125437330261.37808,3.2601236797234674
1,21,2005_07,221184141931.33066,0.6597802764857743
1,3,2005_08,821725392576.4332,0.7367603628458546
1,13,2005_08,131558805988.48982,3.151233026475347
1,21,2005_08,183336313216.8228,0.7092351118967226
1,3,2005_09,719231606625.4735,1.0444295488034605
1,13,2005_09,131824212179.40834,2.5902713561068893
1,21,2005_09,176742317940.31293,1.0884910717517047
1,3,2005_10,684568017206.0486,1.03406019913239
1,13,2005_10,130533424587.97096,2.137463427922121
1,21,2005_10,196366434231.25195,1.4535403785293155
1,3,2005_11,710321858641.1819,0.8717203153849022
1,13,2005_11,118222048375.58783,1.9280635235313597
1,21,2005_11,228096788849.57254,1.4431477589322375
1,3,2005_12,778140695893.073,0.7927318954166194
1,13,2005_12,84115773114.34491,0.9866737314693059
1,21,2005_12,242618113890.5275,1.4978274316828544
1,3,2006_01,862815845038.85,1.2578562118173693
1,13,2006_01,55957640324.80389,1.498102357946396
1,21,2006_01,257956204392.8171,2.1315873671548715
1,3,2006_02,870679582858.7201,1.0275701800701476
1,13,2006_02,44277897460.505905,1.7306151051533125
1,21,2006_02,271233627402.17157,2.0521266180655897
1,3,2006_03,779452117629.3451,0.8851510642428938
1,13,2006_03,43862710157.6163,2.9644157677532044
1,21,2006_03,279340329989.77405,1.857814461945952
1,3,2006_04,662795008279.3182,1.0912172766132282
1,13,2006_04,49457836927.06289,3.5166058741616677
1,21,2006_04,259613777586.9757,1.203618591590056
1,3,2006_05,556118197476.8398,0.853546768998823
1,13,2006_05,64219355309.03998,3.5608982577828545
1,21,2006_05,211725136091.29706,1.2646854596439139
1,3,2006_06,445816402399.5842,0.9020193385978794
1,13,2006_06,77955667827.40756,2.7975464584982968
1,21,2006_06,164708429846.784,0.9928438177942575
1,3,2006_07,380109430085.5427,0.982037868554098
1,13,2006_07,86108952165.45506,2.1134716758102243
1,21,2006_07,122127843478.85944,0.9810641094450787
1,3,2006_08,324940011795.6127,0.8261522900259649
1,13,2006_08,90506462808.75427,2.9120029025728327
1,21,2006_08,100693911290.92914,0.9068244674068088
1,3,2006_09,294771887341.8702,0.6804323798660081
1,13,2006_09,90482237337.59206,2.312353253745127
1,21,2006_09,111645317013.78989,1.306796498115696
1,3,2006_10,296880245439.41846,0.8299772515574269
1,13,2006_10,87999474477.71039,1.9796437357653693
1,21,2006_10,138528351523.7657,1.4654755906255312
1,3,2006_11,310787763300.053,0.8137195986772376
1,13,2006_11,82190978632.76935,1.8819696880861663
1,21,2006_11,167735300965.66327,2.158354844394416
1,3,2006_12,356105674104.43665,1.1428515941143056
1,13,2006_12,59273218170.97963,1.565025143439311
1,21,2006_12,195488262637.44995,2.6197612703949864
1,3,2007_01,388051472552.2455,1.2117784414771156
1,13,2007_01,37270663396.359726,1.4331628950166835
1,21,2007_01,214147470754.76224,2.6886386382993583
1,3,2007_02,409867112580.0593,0.9111600169204483
1,13,2007_02,27847965102.560215,1.8524129188158722
1,21,2007_02,223799095708.04422,2.885762237366106
1,3,2007_03,380377874055.99976,0.8309707576366547
1,13,2007_03,28277242527.879513,2.191589438194428
1,21,2007_03,215984052704.6573,2.3157281039402413
1,3,2007_04,348259162390.14844,0.858711169636834
1,13,2007_04,35597234540.87656,2.4217280335710973
1,21,2007_04,193615308074.55118,1.7132249121783791
1,3,2007_05,305541248641.8921,0.6042418633032379
1,13,2007_05,43733795568.828865,2.5691698729516164
1,21,2007_05,162404397400.6904,1.4600213568341647
1,3,2007_06,272475043577.56116,0.7091627320341215
1,13,2007_06,54846924677.00296,2.870939630275256
1,21,2007_06,124105982499.11116,0.9896968198732898
1,3,2007_07,271548596131.84082,0.7322010121739608
1,13,2007_07,61150304263.17153,3.5147203135268015
1,21,2007_07,92030916358.45374,0.8983608913313179
1,3,2007_08,280780366000.50836,0.7112229124040875
1,13,2007_08,65026310162.50224,2.234176344516298
1,21,2007_08,76464494195.01973,0.9821792262003639
1,3,2007_09,293477368221.3623,0.7166093464390594
1,13,2007_09,66780849877.67297,1.3621206239464692
1,21,2007_09,73454454733.19064,1.3730588654071665
1,3,2007_10,320501502945.8014,0.7747127243003675
1,13,2007_10,66581090742.52501,2.529479345977678
1,21,2007_10,87004896431.86937,1.7890904418996163
1,3,2007_11,339408184228.40564,0.899743359987977
1,13,2007_11,61169808790.15795,1.4605489099645674
1,21,2007_11,103592723490.32706,1.927859267574132
1,3,2007_12,352184365370.815,1.0077125176240043
1,13,2007_12,44124109981.24442,1.6900636056503804
1,21,2007_12,123581136479.35988,2.625208427755726
