Resolution,Site,Year_Month,Total_surface_dic_masked,MeanU10m
0.1,4,2004_01,7310504971864.821,5.26163659188476
0.1,7,2004_01,6587324208193.352,9.66736657936062
0.1,12,2004_01,29041123737382.617,4.699374502578434
0.1,4,2004_02,10363097226798.951,5.701142934784955
0.1,7,2004_02,9418044605444.174,8.586435271854874
0.1,12,2004_02,27958268797536.508,5.1857019015788826
0.1,4,2004_03,8281719644043.871,6.816769553118017
0.1,7,2004_03,6323781731503.587,8.44871429051075
0.1,12,2004_03,16243735710186.068,6.437181429427018
0.1,4,2004_04,7282283867494.785,6.335304000580617
0.1,7,2004_04,4802368059873.056,6.2997465522028655
0.1,12,2004_04,10736282235166.25,6.122108975074253
0.1,4,2004_05,7339046100342.534,7.304209752187701
0.1,7,2004_05,3436383743618.3477,7.669289657267827
0.1,12,2004_05,6934380934148.416,7.935407129114682
0.1,4,2004_06,5896013439017.133,7.447245263868942
0.1,7,2004_06,2484184057463.05,9.048540273147058
0.1,12,2004_06,4429853943762.87,5.945712769816093
0.1,4,2004_07,4657908974449.064,6.764402749011203
0.1,7,2004_07,1879104675265.2031,7.751058064908879
0.1,12,2004_07,3074426641989.0957,7.244346398161818
0.1,4,2004_08,3894800403432.132,6.58577658623167
0.1,7,2004_08,1571176441813.2676,8.952421593479551
0.1,12,2004_08,1840321216509.1719,7.367795216827716
0.1,4,2004_09,3477803380036.6333,5.6913661908644535
0.1,7,2004_09,1290121969956.8875,7.0193219243231875
0.1,12,2004_09,1476215809292.5051,7.661246182135783
0.1,4,2004_10,3302200829656.741,5.924129044434197
0.1,7,2004_10,1088750351783.752,7.7472325725644255
0.1,12,2004_10,1333834903568.6816,7.498498323173745
0.1,4,2004_11,3171711334274.296,6.488337406547852
0.1,7,2004_11,949198526278.3503,7.644408239221281
0.1,12,2004_11,1234870770834.1704,7.0052465021845665
0.1,4,2004_12,2939662427663.309,6.456898055659833
0.1,7,2004_12,765080454319.9498,6.919919196269257
0.1,12,2004_12,1028193054050.4425,5.383724663885967
0.1,4,2005_01,2610751789065.288,7.240695333069233
0.1,7,2005_01,608170725175.9114,7.380362067832492
0.1,12,2005_01,927337938617.5116,6.105721007391984
0.1,4,2005_02,2280882620662.549,7.162073799655662
0.1,7,2005_02,518124837281.68604,7.209153035667851
0.1,12,2005_02,796554448628.8488,6.6771801040557754
0.1,4,2005_03,2032880365076.0042,6.710289735093827
0.1,7,2005_03,475543558339.0243,6.815360229724723
0.1,12,2005_03,716230585055.4502,6.211172387418073
0.1,4,2005_04,1810650243893.6377,6.778589273568434
0.1,7,2005_04,470551665420.1885,7.100603587499858
0.1,12,2005_04,749639125833.7028,7.317666641130951
0.1,4,2005_05,1642993293533.5798,6.0911041432074295
0.1,7,2005_05,487473032873.76514,7.661568374530494
0.1,12,2005_05,780110429119.2981,6.45239365393321
0.1,4,2005_06,1497001254464.6313,6.13414280793502
0.1,7,2005_06,543786989440.9734,9.127565355222403
0.1,12,2005_06,797663012187.3823,7.017077631436101
0.1,4,2005_07,1386358763398.055,6.1370326469149274
0.1,7,2005_07,586584569374.9062,8.644877745711
0.1,12,2005_07,813547403749.8152,6.753148996781015
0.1,4,2005_08,1293259431395.9446,5.993266369839055
0.1,7,2005_08,556375702711.2963,8.62012825576412
0.1,12,2005_08,849209727967.2178,8.229118083716067
0.1,4,2005_09,1231787080065.83,5.733508549796617
0.1,7,2005_09,510833733463.8796,9.400661782945244
0.1,12,2005_09,829828602464.0509,6.293589643428719
0.1,4,2005_10,1184175482773.837,6.108881145670796
0.1,7,2005_10,447938215145.5061,8.323102329579386
0.1,12,2005_10,786591706725.4553,7.8959114347484185
0.1,4,2005_11,1117002845864.7625,6.479771309085903
0.1,7,2005_11,367054835571.17633,7.245350179501401
0.1,12,2005_11,683396792027.49,6.573656912458544
0.1,4,2005_12,1023903094738.8563,6.511428774432143
0.1,7,2005_12,282173443001.11475,7.9508366673501465
0.1,12,2005_12,552756059827.6511,6.725064769397032
0.1,4,2006_01,939213005228.7708,7.272010668958814
0.1,7,2006_01,218761611840.28775,7.683757786248795
0.1,12,2006_01,413412436637.4161,6.066869555949066
0.1,4,2006_02,851070089182.4402,6.926203974274563
0.1,7,2006_02,185730034778.5441,6.635586471361664
0.1,12,2006_02,290297405753.33844,6.6980491570346175
0.1,4,2006_03,772872304025.3057,6.582798209590007
0.1,7,2006_03,158911462498.97806,7.067340261231815
0.1,12,2006_03,255490411087.99573,7.7954454953866685
0.1,4,2006_04,709077507688.0707,6.067261736498994
0.1,7,2006_04,160533517510.29895,7.104738501110638
0.1,12,2006_04,295549925382.124,7.830167020707979
0.1,4,2006_05,648634641735.3228,5.928606375967096
0.1,7,2006_05,170453319940.72803,7.092441705191889
0.1,12,2006_05,373441976900.94165,8.679151989581248
0.1,4,2006_06,590742934567.4198,6.140308089003917
0.1,7,2006_06,193262423954.67593,7.148109422807576
0.1,12,2006_06,423084266405.71893,7.984879567360337
0.1,4,2006_07,536971897847.3426,6.24507970293153
0.1,7,2006_07,213672105286.59738,8.31974787649042
0.1,12,2006_07,465905807325.3256,8.854420876197644
0.1,4,2006_08,490807995563.6758,6.113535885494306
0.1,7,2006_08,234500765266.45383,9.513081570980786
0.1,12,2006_08,494110650442.0191,5.996959236732869
0.1,4,2006_09,460957072501.65076,5.792016778288182
0.1,7,2006_09,229130995172.08817,8.538895475539388
0.1,12,2006_09,485177184256.7258,7.875161221118783
0.1,4,2006_10,438507039426.4831,6.043018715351005
0.1,7,2006_10,201790982136.69284,7.89676878122579
0.1,12,2006_10,455866373236.44556,7.827941853306675
0.1,4,2006_11,424450865493.40137,6.269983588528203
0.1,7,2006_11,165906852413.484,7.068085578913406
0.1,12,2006_11,408571404249.50745,7.122483524928851
0.1,4,2006_12,413269870703.97003,6.853957470589838
0.1,7,2006_12,131419422769.11755,6.813422099449464
0.1,12,2006_12,323102918168.2883,6.460882786872572
0.1,4,2007_01,395919427476.37177,6.786489520392868
0.1,7,2007_01,104383740997.65161,6.873515777372037
0.1,12,2007_01,237255280783.23563,7.112146918383901
0.1,4,2007_02,371202808004.3171,6.803888095989481
0.1,7,2007_02,91433617063.61125,7.435933296470645
0.1,12,2007_02,182403506443.34818,6.842231780487405
0.1,4,2007_03,345377479264.04144,6.711439030914806
0.1,7,2007_03,86732514183.66754,7.720222783719915
0.1,12,2007_03,180310216594.88538,8.247368771093765
0.1,4,2007_04,323078658224.3544,6.079413272182502
0.1,7,2007_04,88965392662.27496,7.719620914025989
0.1,12,2007_04,189152754873.52963,7.833743711388008
0.1,4,2007_05,293941230439.3267,6.190190013618878
0.1,7,2007_05,97611294844.9327,8.340581116072252
0.1,12,2007_05,206043924503.1303,6.686462881293641
0.1,4,2007_06,259060994950.34848,6.281369112465544
0.1,7,2007_06,107799969934.41914,9.108352820826262
0.1,12,2007_06,219130162357.95834,7.340671892770062
0.1,4,2007_07,227614674128.7429,6.297054544359934
0.1,7,2007_07,128128655263.35312,9.822117664565129
0.1,12,2007_07,231638024984.36615,7.495695947660408
0.1,4,2007_08,204427615497.26636,6.305634068578507
0.1,7,2007_08,144222517321.0719,9.513983438075394
0.1,12,2007_08,233808712726.64124,8.083114728116952
0.1,4,2007_09,190158407073.6186,5.8158029710610855
0.1,7,2007_09,143863014693.99194,9.511008885367328
0.1,12,2007_09,225222254965.98392,7.998047107414759
0.1,4,2007_10,181972063846.8368,6.2501739818258475
0.1,7,2007_10,124998988810.51915,7.574230156061929
0.1,12,2007_10,217847626728.4841,8.316437959910532
0.1,4,2007_11,182115087197.59103,6.542261183932271
0.1,7,2007_11,99653036218.39748,6.852001028703719
0.1,12,2007_11,203294426838.5373,6.594732808818454
0.1,4,2007_12,180948484906.2425,6.819149475255082
0.1,7,2007_12,79714090563.66087,6.993043246372542
0.1,12,2007_12,174650127025.1986,7.011526806461772
0.25,4,2004_1,7393948065600.206,5.330488912334358
0.25,7,2004_1,6586176237558.405,9.663068646802861
0.25,12,2004_1,28412057634331.867,4.688915614758043
0.25,4,2004_2,9565696138100.455,5.599989092775258
0.25,7,2004_2,8988718270713.354,8.777453893289065
0.25,12,2004_2,25521391540452.016,5.098052079521107
0.25,4,2004_3,7257249555909.35,6.516079025726075
0.25,7,2004_3,5798713095154.979,8.776060569127148
0.25,12,2004_3,14801512621238.176,6.4258427186045
0.25,4,2004_4,7183322865316.418,5.975933557704032
0.25,7,2004_4,4071933875452.4204,6.318477006894545
0.25,12,2004_4,10005311169004.262,6.0240315049088675
0.25,4,2004_5,7549544007688.895,7.0096432331991165
0.25,7,2004_5,2700643337683.8545,7.660196343966945
0.25,12,2004_5,6335781240099.965,7.9728076182543814
0.25,4,2004_6,6245192214713.732,7.242430410977281
0.25,7,2004_6,1880171921987.2761,9.035742538547408
0.25,12,2004_6,3615009798346.227,5.936644455815017
0.25,4,2004_7,5079078469806.933,6.603374238270587
0.25,7,2004_7,1398002744353.6711,7.648317357547889
0.25,12,2004_7,2319705071462.305,7.2713517506563505
0.25,4,2004_8,4297363502341.407,6.443623337101804
0.25,7,2004_8,1096204504302.4789,9.104195878365665
0.25,12,2004_8,1539657143721.3179,7.3049733386110045
0.25,4,2004_9,3904649744910.2705,5.650012626200092
0.25,7,2004_9,892968627293.4668,7.015196065364714
0.25,12,2004_9,1273095467234.254,7.519097472025587
0.25,4,2004_10,3759798210798.7417,5.890177360127562
0.25,7,2004_10,745777098450.3553,7.883584869783777
0.25,12,2004_10,1215031294864.838,6.986583582923548
0.25,4,2004_11,3578032831556.4224,6.325509347648284
0.25,7,2004_11,618314814796.3505,7.874494990733471
0.25,12,2004_11,1179453270490.0688,6.551562699531494
0.25,4,2004_12,3235198655392.186,6.23628727796513
0.25,7,2004_12,489735226062.5644,7.362730360056171
0.25,12,2004_12,1062386593615.4154,5.081785709640986
0.25,4,2005_1,2812995514827.036,7.046462315727226
0.25,7,2005_1,407710976796.0158,7.829955017571853
0.25,12,2005_1,992372134509.653,5.969105386889139
0.25,4,2005_2,2404298455650.5635,7.138665265498247
0.25,7,2005_2,361389154322.55176,7.578976555341325
0.25,12,2005_2,871137707942.1215,6.07064669964835
0.25,4,2005_3,2121364248667.4082,6.709148006374421
0.25,7,2005_3,316741122952.9797,7.036779063345536
0.25,12,2005_3,843393880507.3605,5.6495351629009445
0.25,4,2005_4,1898346282041.742,6.755092671550778
0.25,7,2005_4,296088343201.6273,7.07088402302759
0.25,12,2005_4,865961580256.6393,7.149904012188321
0.25,4,2005_5,1752895141525.8452,6.113168079909637
0.25,7,2005_5,288808189773.05817,7.7201716622477345
0.25,12,2005_5,873556200684.13,6.134612913400146
0.25,4,2005_6,1596219021468.639,6.189903024152903
0.25,7,2005_6,318380727185.3586,9.439689742099992
0.25,12,2005_6,882446412309.9359,6.57068523841121
0.25,4,2005_7,1483103792512.4443,6.140780896222737
0.25,7,2005_7,353675800783.9646,9.04929602533407
0.25,12,2005_7,879131880555.6029,6.421345265267459
0.25,4,2005_8,1381683317632.165,6.033783078383159
0.25,7,2005_8,364316588953.547,8.860316785169365
0.25,12,2005_8,846390788807.8231,7.469171568261846
0.25,4,2005_9,1312184156694.7288,5.674157660373002
0.25,7,2005_9,359065130091.11566,9.959988852498064
0.25,12,2005_9,785046685434.555,5.758079419374603
0.25,4,2005_10,1272442360451.5637,6.0313802026926915
0.25,7,2005_10,334669841927.38776,8.46517356296152
0.25,12,2005_10,712134952276.761,7.368688835736194
0.25,4,2005_11,1210136213299.0552,6.4236451004701
0.25,7,2005_11,271926233497.4546,7.51316566052927
0.25,12,2005_11,644655734910.9133,6.010790753658158
0.25,4,2005_12,1116429303817.6018,6.459435632170615
0.25,7,2005_12,208685371057.80847,8.164653212452269
0.25,12,2005_12,539806043356.7528,6.348405769027726
0.25,4,2006_1,1034784968561.8911,7.244942028432333
0.25,7,2006_1,157168754037.36386,7.942983489750676
0.25,12,2006_1,417138137593.6339,5.618433302529104
0.25,4,2006_2,946140572939.0693,6.90409083396525
0.25,7,2006_2,131188917283.58324,6.857861713157364
0.25,12,2006_2,321648898061.7587,5.873609020701637
0.25,4,2006_3,868339533027.8004,6.561962722004504
0.25,7,2006_3,109292939423.10765,7.20071825932435
0.25,12,2006_3,308676556220.41174,6.940864853122461
0.25,4,2006_4,795413362856.7693,6.1173125518060045
0.25,7,2006_4,109018825130.79138,6.992235324909476
0.25,12,2006_4,343362183536.40326,7.3833778591701655
0.25,4,2006_5,726847145842.716,5.987442817573311
0.25,7,2006_5,117300525710.35452,6.8977556935932025
0.25,12,2006_5,403649053694.7431,7.8943555740894364
0.25,4,2006_6,666462306681.9635,6.223230905234425
0.25,7,2006_6,130831186591.74303,7.333470055936965
0.25,12,2006_6,431424454709.20044,7.745423379393529
0.25,4,2006_7,608197522417.0757,6.281106372790793
0.25,7,2006_7,143098306446.268,8.390671867540824
0.25,12,2006_7,439098907630.3043,8.448541539281113
0.25,4,2006_8,559499261231.248,6.109691616555126
0.25,7,2006_8,161338015787.50125,9.65342645306385
0.25,12,2006_8,425605912293.1497,5.517599452550924
0.25,4,2006_9,530808455427.0798,5.756684628682814
0.25,7,2006_9,163170868102.3661,8.576475070889837
0.25,12,2006_9,400581897832.32324,7.628561237231351
0.25,4,2006_10,505017485470.3615,5.977591581820257
0.25,7,2006_10,145032045255.63196,7.989588108244261
0.25,12,2006_10,372909730342.2743,7.4100239953246945
0.25,4,2006_11,484110191206.3526,6.18439797415128
0.25,7,2006_11,115345661921.6714,7.283824282853198
0.25,12,2006_11,333462975809.1263,6.722844689635731
0.25,4,2006_12,471098714139.1165,6.825635436414931
0.25,7,2006_12,89851206636.5687,6.803350020419104
0.25,12,2006_12,273739559923.24823,6.0987288942004945
0.25,4,2007_1,449914358074.69324,6.792112873912513
0.25,7,2007_1,72052955214.89417,7.050657812996621
0.25,12,2007_1,203958659243.95428,6.6653105231282055
0.25,4,2007_2,423569536393.0448,6.700436711909112
0.25,7,2007_2,63326967558.692924,7.694181831574119
0.25,12,2007_2,164989454839.20233,6.05785428746103
0.25,4,2007_3,396304956251.53815,6.751722158937195
0.25,7,2007_3,59422188895.61648,7.639401712048509
0.25,12,2007_3,164619525569.22256,7.784700292251674
0.25,4,2007_4,370004982651.63464,6.088869505512264
0.25,7,2007_4,60952354888.51098,7.563477210916182
0.25,12,2007_4,173010788299.74957,7.188680769623569
0.25,4,2007_5,339579153913.0412,6.161101014337192
0.25,7,2007_5,67335391460.88556,8.301192656588983
0.25,12,2007_5,189108734105.65216,6.163770053060399
0.25,4,2007_6,302727459497.4232,6.238020286497327
0.25,7,2007_6,71788185279.70848,9.17202703621452
0.25,12,2007_6,205177340133.0429,6.732597037853387
0.25,4,2007_7,271753845468.19394,6.306865930970344
0.25,7,2007_7,86775586407.9802,9.944382005823915
0.25,12,2007_7,214327520554.14713,7.353394465921558
0.25,4,2007_8,246793130737.67484,6.316275617203975
0.25,7,2007_8,100846727899.30597,9.65248899569995
0.25,12,2007_8,216222195840.6755,7.362971083577021
0.25,4,2007_9,229889572219.903,5.795670696627719
0.25,7,2007_9,107037394872.0819,9.663455173639901
0.25,12,2007_9,211908941683.6319,7.543916846746698
0.25,4,2007_10,219974186349.08954,6.179088552666509
0.25,7,2007_10,96223176512.19142,7.664474652695348
0.25,12,2007_10,204609145550.49725,7.736609490044716
0.25,4,2007_11,216855923448.68054,6.50989510711657
0.25,7,2007_11,78832796012.78265,7.082266979518167
0.25,12,2007_11,192744860057.17676,6.048992682350703
0.25,4,2007_12,213838122166.71384,6.782987493103753
0.25,7,2007_12,62736304426.03642,7.210376415353896
0.25,12,2007_12,168178118176.13922,6.551571558050346
1,4,2004_01,7275895776406.17,5.5339764485889456
1,7,2004_01,7844467144152.594,9.60695332314889
1,12,2004_01,24037364250705.2,4.706855356830088
1,4,2004_02,8072877449190.067,5.846298571261649
1,7,2004_02,10226496999605.566,8.674795668968823
1,12,2004_02,21571614621557.15,5.284222536321556
1,4,2004_03,6782398578018.24,6.850082713569506
1,7,2004_03,6340639059571.595,8.826297273139396
1,12,2004_03,11506735061119.154,6.482981663553404
1,4,2004_04,6388153563316.654,6.338194461749204
1,7,2004_04,4232044854729.66,6.331608279397041
1,12,2004_04,7368686560748.758,6.096190554019826
1,4,2004_05,6699415461713.758,7.266061824844394
1,7,2004_05,2721138335975.17,7.489078014037897
1,12,2004_05,4478214066649.306,7.948186335569081
1,4,2004_06,6148298432725.23,7.417635021444456
1,7,2004_06,1620513561170.2937,8.591826017727083
1,12,2004_06,2587615247376.9717,5.925311248062145
1,4,2004_07,5603073516744.661,6.551703397572937
1,7,2004_07,1056290412490.3904,7.379248803219592
1,12,2004_07,1706010742644.2134,7.395403854489473
1,4,2004_08,5024870158358.494,6.348215220113026
1,7,2004_08,784963053191.0717,8.716024713952612
1,12,2004_08,1152317603900.3408,7.230365065327367
1,4,2004_09,4446521634230.436,5.354856163765696
1,7,2004_09,639818761770.638,7.061456998456638
1,12,2004_09,949440202385.2024,7.575150117912571
1,4,2004_10,4154867514827.3325,5.601755401706844
1,7,2004_10,560692193936.0957,7.776401225675534
1,12,2004_10,892374014404.2051,6.888166831026691
1,4,2004_11,3752860628391.599,6.376835700920901
1,7,2004_11,476200530461.779,7.698698526324467
1,12,2004_11,850750278490.6636,6.307723746497523
1,4,2004_12,3191261737150.2134,6.446520975079521
1,7,2004_12,361585005858.7303,7.507294548199574
1,12,2004_12,744740513356.3428,4.936595707562442
1,4,2005_01,2650505297739.825,7.483336333726439
1,7,2005_01,305427553134.35474,8.428435507237856
1,12,2005_01,654225009998.0828,6.023500378556718
1,4,2005_02,2176111451795.5383,7.437329968019754
1,7,2005_02,270091824262.9095,7.845185332813916
1,12,2005_02,544608637227.7391,6.1028246161403805
1,4,2005_03,1888783216628.6404,6.964518606942267
1,7,2005_03,227618190307.1524,6.773832478606943
1,12,2005_03,506514386347.2528,5.649317868254139
1,4,2005_04,1673719976743.4968,6.9433347552510325
1,7,2005_04,202065645420.76483,6.873454362881569
1,12,2005_04,528753623289.3351,7.336176792083217
1,4,2005_05,1485706293719.3408,6.158253179927219
1,7,2005_05,176608625018.2388,7.709524348141472
1,12,2005_05,552445737746.2229,6.111654173122183
1,4,2005_06,1307681751585.2488,6.304297641334744
1,7,2005_06,184794719101.00552,9.189495113309961
1,12,2005_06,559025885451.9434,6.669112488240305
1,4,2005_07,1221537103482.6345,6.265374431713297
1,7,2005_07,212343748209.46655,8.752850995108462
1,12,2005_07,553096680233.995,6.492612420377521
1,4,2005_08,1163994561071.799,5.866782910931491
1,7,2005_08,233008328121.82724,8.526407088417946
1,12,2005_08,527467088515.4291,7.41590793278529
1,4,2005_09,1133182446730.9336,5.611978567267991
1,7,2005_09,251336653119.43942,9.490122897222797
1,12,2005_09,468224140016.1402,5.834713128167808
1,4,2005_10,1127317430381.2048,6.050136781743297
1,7,2005_10,245305209014.68506,8.083784193551073
1,12,2005_10,411268997164.94226,7.18386290018363
1,4,2005_11,1087324852152.6471,6.539412288927944
1,7,2005_11,204682995417.83542,7.901515420151807
1,12,2005_11,370839570455.9984,5.7627512599076445
1,4,2005_12,1015602547015.6686,6.602078696372564
1,7,2005_12,158414189720.0245,7.96447802374727
1,12,2005_12,312592201059.0456,6.222296085059856
1,4,2006_01,945845137471.7346,7.686466292063296
1,7,2006_01,120773051951.3176,8.792362720819607
1,12,2006_01,237534631963.60895,5.809092191967897
1,4,2006_02,859989271323.6641,7.310419391524272
1,7,2006_02,100955546897.5076,7.592144572519234
1,12,2006_02,179268805558.99442,5.660480887465681
1,4,2006_03,786624978750.2883,6.822263733087559
1,7,2006_03,82193487082.44514,7.683692221203783
1,12,2006_03,172904059167.3708,6.835300670850113
1,4,2006_04,717627009999.635,6.267221471524721
1,7,2006_04,78214773957.36182,7.0568581681757925
1,12,2006_04,192904807139.24634,7.2574245382821445
1,4,2006_05,642086341506.75,5.952393606881855
1,7,2006_05,76737628059.83969,6.6806545847945005
1,12,2006_05,226834075688.94214,7.331348883610042
1,4,2006_06,580901468917.2375,6.206089972001791
1,7,2006_06,85073761387.74925,7.282711244733181
1,12,2006_06,242726943729.0652,7.28591807020242
1,4,2006_07,539448299896.10486,6.34503544200036
1,7,2006_07,92707543776.82603,8.239295086838776
1,12,2006_07,250110284047.7084,8.265017930840255
1,4,2006_08,503915064619.2322,5.872236759543918
1,7,2006_08,103677235755.70467,9.26237773086145
1,12,2006_08,244077141938.7596,5.5647704479001625
1,4,2006_09,488164142013.04285,5.730216265741942
1,7,2006_09,108088930769.99077,8.3770367876797
1,12,2006_09,236642328149.26306,7.298701832387048
1,4,2006_10,473168413871.2653,5.9534014635219
1,7,2006_10,97048054020.70476,8.244807608990701
1,12,2006_10,227421040336.7196,7.077725944326712
1,4,2006_11,456198887534.1137,6.240654907686744
1,7,2006_11,77485227925.13063,7.608847742038501
1,12,2006_11,207190163232.5199,6.525295838468944
1,4,2006_12,441350912898.26465,7.052092209890485
1,7,2006_12,59415524071.19616,7.3968547497965345
1,12,2006_12,168879157387.74573,5.676422728874837
1,4,2007_01,419673010691.86005,7.074790296665537
1,7,2007_01,47128773266.75388,7.498066178539606
1,12,2007_01,122570112130.49084,6.427975048133781
1,4,2007_02,391776850348.26556,6.832675229578484
1,7,2007_02,39910330460.0874,8.01767725179103
1,12,2007_02,97484686678.88007,5.852396556827165
1,4,2007_03,366854362779.33307,6.911344955491032
1,7,2007_03,36160991221.858536,7.783916811058261
1,12,2007_03,103338846670.3855,7.448482742254807
1,4,2007_04,340430946009.58856,6.129298426578764
1,7,2007_04,36344871206.64794,7.539332097594593
1,12,2007_04,112085860233.21721,6.587234319611834
1,4,2007_05,306189489079.4232,6.161679062786788
1,7,2007_05,37528770195.87859,8.145235701548266
1,12,2007_05,128071895420.71814,5.792854415545465
1,4,2007_06,266632290434.62714,6.09101669811377
1,7,2007_06,40918669732.69726,9.229508161980949
1,12,2007_06,139717947979.7704,6.257247021674166
1,4,2007_07,237242023458.3555,6.234199230775995
1,7,2007_07,50378662720.37283,9.844828364244924
1,12,2007_07,142414183738.5204,7.307955802792836
1,4,2007_08,218085506185.5632,6.126037491292923
1,7,2007_08,63090967769.14928,9.193383491652108
1,12,2007_08,141153197594.52847,6.669728160112879
1,4,2007_09,207937829298.78186,5.615515932312171
1,7,2007_09,69128750077.5786,8.919294549111694
1,12,2007_09,137416485544.00107,7.150554739913968
1,4,2007_10,204093063132.32397,6.064521992112892
1,7,2007_10,63314632036.50925,7.675003492202693
1,12,2007_10,131671147480.57205,7.274478522061053
1,4,2007_11,202685058101.98343,6.557173557294081
1,7,2007_11,53491657507.91989,7.549249918327054
1,12,2007_11,122544711786.29865,6.177409343047245
1,4,2007_12,200701628894.0553,6.889857786912142
1,7,2007_12,42001272968.798485,7.832859477823463
1,12,2007_12,105221362066.9444,6.148659916464777
0.1,5,2004_01,0.0,0.0
0.1,16,2004_01,6281668066518.172,8.770230219595739
0.1,17,2004_01,0.0,0.0
0.1,5,2004_02,0.0,0.0
0.1,16,2004_02,9250224196106.742,8.157033127240382
0.1,17,2004_02,0.0,0.0
0.1,5,2004_03,0.0,0.0
0.1,16,2004_03,5614132884835.912,7.915041274130745
0.1,17,2004_03,0.0,0.0
0.1,5,2004_04,0.0,0.0
0.1,16,2004_04,3988247121101.6055,7.568174743724821
0.1,17,2004_04,0.0,0.0
0.1,5,2004_05,0.0,0.0
0.1,16,2004_05,2715504769750.5044,9.995590003358721
0.1,17,2004_05,0.0,0.0
0.1,5,2004_06,11810183.655732926,7.30979936688584
0.1,16,2004_06,1678660287281.1128,10.950133562559142
0.1,17,2004_06,11195842.782925379,5.9227763088317
0.1,5,2004_07,11599617098751.979,7.138703290745665
0.1,16,2004_07,961511027475.1373,10.013353065172009
0.1,17,2004_07,15947623493061.23,5.994783621889495
0.1,5,2004_08,11431087819004.498,7.401057144378048
0.1,16,2004_08,649738580887.2263,9.262498026747677
0.1,17,2004_08,19056738716612.11,6.420029827064156
0.1,5,2004_09,6681118474298.339,9.621787865789472
0.1,16,2004_09,518493469725.71094,8.658323142863637
0.1,17,2004_09,9265858125504.244,6.335858673450848
0.1,5,2004_10,2728650356770.968,9.912558394356065
0.1,16,2004_10,431200311551.99866,8.613816463932523
0.1,17,2004_10,5982210854770.027,7.745121135537956
0.1,5,2004_11,1179258839733.5542,10.612383046204325
0.1,16,2004_11,370697672757.4314,8.93028411558908
0.1,17,2004_11,3541052898934.5117,8.705099129034041
0.1,5,2004_12,753943249261.9812,12.199584855402342
0.1,16,2004_12,269692502452.1195,7.73815248479649
0.1,17,2004_12,1902688467327.035,10.63820880252271
0.1,5,2005_01,583596452471.2848,11.749590585497028
0.1,16,2005_01,210332848671.42126,8.657183108281124
0.1,17,2005_01,1123784253124.2173,11.164245616593846
0.1,5,2005_02,487813151921.362,10.356736789288284
0.1,16,2005_02,174309650867.06653,8.13637433574447
0.1,17,2005_02,741560673362.169,10.63402354209775
0.1,5,2005_03,415695581574.25934,9.408210008519962
0.1,16,2005_03,152130473720.21136,7.743206933451045
0.1,17,2005_03,591699376554.2168,9.479272544913957
0.1,5,2005_04,382199682269.30414,9.23981740905132
0.1,16,2005_04,150776680367.3234,9.229816037603962
0.1,17,2005_04,500947245329.82086,9.007850431112228
0.1,5,2005_05,322839858000.62103,7.176773076993498
0.1,16,2005_05,170886433340.64633,9.807193245629543
0.1,17,2005_05,408346134409.17554,7.211411356403571
0.1,5,2005_06,252353352800.60052,7.103201470832833
0.1,16,2005_06,200170356134.9617,7.901934765629175
0.1,17,2005_06,301945742862.0361,7.162946344448155
0.1,5,2005_07,197626773746.07947,6.887234904346449
0.1,16,2005_07,224458325314.824,10.34502406225561
0.1,17,2005_07,207857869026.04105,6.033326125976852
0.1,5,2005_08,164138019550.41763,7.571089753156017
0.1,16,2005_08,262840125792.0094,11.311036097962335
0.1,17,2005_08,143931157188.5275,5.6198457383976725
0.1,5,2005_09,176926570382.51883,8.919889507631044
0.1,16,2005_09,271296924663.6764,8.759675236074614
0.1,17,2005_09,121269018802.0869,5.863673031914711
0.1,5,2005_10,209984651811.44812,9.407334196483243
0.1,16,2005_10,249607610493.0272,8.912870256617895
0.1,17,2005_10,121697117652.82448,7.3511997580104875
0.1,5,2005_11,229956166443.71793,9.76210100139208
0.1,16,2005_11,197999781184.92062,8.388567387396883
0.1,17,2005_11,145175748285.33163,8.573599629351618
0.1,5,2005_12,239595452608.5923,9.474725488815531
0.1,16,2005_12,152650918039.08563,9.580620493785238
0.1,17,2005_12,214909767479.16458,11.36702072187742
0.1,5,2006_01,241829028524.53418,11.405999515304266
0.1,16,2006_01,121645321650.29466,8.562049160412563
0.1,17,2006_01,297164110930.9824,10.31858676194468
0.1,5,2006_02,225674727960.61755,10.162064352432248
0.1,16,2006_02,102498088859.90785,8.456044291367462
0.1,17,2006_02,315464745187.6009,10.168618938533648
0.1,5,2006_03,207953091301.96954,9.741020922901722
0.1,16,2006_03,88529202743.48026,8.243503713875569
0.1,17,2006_03,282811662114.54895,8.950541193000758
0.1,5,2006_04,185881829272.57715,8.96621567210136
0.1,16,2006_04,94688036946.47086,9.358862837811346
0.1,17,2006_04,236040599369.54218,7.942446587420363
0.1,5,2006_05,153125352278.08423,7.259252761697995
0.1,16,2006_05,113109221036.07584,9.429786831275434
0.1,17,2006_05,183887834053.69363,7.258043700547908
0.1,5,2006_06,117128726818.3623,6.90180456562196
0.1,16,2006_06,133385324405.33122,9.157881053206623
0.1,17,2006_06,142900344136.1953,6.148154042746353
0.1,5,2006_07,86525950265.30402,6.406859483125171
0.1,16,2006_07,161597631516.0185,9.347482614597194
0.1,17,2006_07,99427122297.73244,6.440154900121034
0.1,5,2006_08,64721285717.78752,5.998902459207433
0.1,16,2006_08,177586694051.27155,10.2203790157699
0.1,17,2006_08,68638205810.063545,5.691246826540485
0.1,5,2006_09,60706580503.90911,7.748160377935984
0.1,16,2006_09,179346063388.9999,10.400929679345476
0.1,17,2006_09,62459344418.18968,6.673486814876995
0.1,5,2006_10,70864837270.298,8.200348692471792
0.1,16,2006_10,173670744758.1648,10.498830528484858
0.1,17,2006_10,72729448645.39221,8.047405951835776
0.1,5,2006_11,92999885061.4266,9.783608974396625
0.1,16,2006_11,153490824101.94043,8.921864211503717
0.1,17,2006_11,86458281800.13368,8.455519183957392
0.1,5,2006_12,110407643805.694,10.28051835215679
0.1,16,2006_12,121994271827.00386,8.59336116528583
0.1,17,2006_12,109966078292.53758,10.590070750383454
0.1,5,2007_01,121448854412.67206,10.32399192462928
0.1,16,2007_01,89477202047.46365,8.560680607941775
0.1,17,2007_01,143140521231.26645,10.060066018629499
0.1,5,2007_02,124051684926.03018,9.812440156164358
0.1,16,2007_02,71534879775.3588,7.321547575346428
0.1,17,2007_02,179092031329.67758,9.845542479204715
0.1,5,2007_03,120700155543.62924,9.872787819244483
0.1,16,2007_03,61470357290.75744,9.222825416944373
0.1,17,2007_03,180072467700.22476,9.132328470462483
0.1,5,2007_04,111669377808.12915,8.394729495252548
0.1,16,2007_04,62755775450.57469,8.232474313310595
0.1,17,2007_04,166741628648.1918,9.549045753099232
0.1,5,2007_05,95720079924.41638,7.083487112130425
0.1,16,2007_05,68724805148.05931,10.596644459683537
0.1,17,2007_05,134166922902.54596,7.074506238197724
0.1,5,2007_06,73230842532.56104,5.92798669167937
0.1,16,2007_06,82285864155.62755,9.012905508479824
0.1,17,2007_06,101204964736.28117,6.479800047547661
0.1,5,2007_07,52976282940.09274,5.814173604753986
0.1,16,2007_07,96599207126.76576,8.77624384994922
0.1,17,2007_07,70831567257.17519,6.300180502991152
0.1,5,2007_08,42341991190.76854,6.293475583557609
0.1,16,2007_08,108850404739.72043,10.13210844720441
0.1,17,2007_08,50702118233.36905,5.765160844931612
0.1,5,2007_09,41181197810.08261,7.617476014022342
0.1,16,2007_09,110573346619.79543,10.10846140684694
0.1,17,2007_09,43585417130.37331,6.296859228097588
0.1,5,2007_10,45256623482.06415,9.300761450319326
0.1,16,2007_10,108866298884.58893,10.147709392252237
0.1,17,2007_10,45721695876.80106,7.328211081091567
0.1,5,2007_11,51619136450.533356,9.357403313449787
0.1,16,2007_11,92395917031.25879,7.991774967039156
0.1,17,2007_11,58579306265.548744,8.733549800036874
0.1,5,2007_12,62512872572.26106,10.013030378087933
0.1,16,2007_12,71273268404.94356,8.521462783224134
0.1,17,2007_12,76795830596.99104,9.16568452955734
0.25,5,2004_1,0.0,0.0
0.25,16,2004_1,6139272612426.705,8.720483945528258
0.25,17,2004_1,0.0,0.0
0.25,5,2004_2,0.0,0.0
0.25,16,2004_2,8322165446667.304,8.111271892517678
0.25,17,2004_2,0.0,0.0
0.25,5,2004_3,0.0,0.0
0.25,16,2004_3,5174589606733.135,7.885737522194614
0.25,17,2004_3,0.0,0.0
0.25,5,2004_4,0.0,0.0
0.25,16,2004_4,3658989613371.796,7.737011476555976
0.25,17,2004_4,0.0,0.0
0.25,5,2004_5,0.0,0.0
0.25,16,2004_5,2662220925593.108,9.97937937721134
0.25,17,2004_5,0.0,0.0
0.25,5,2004_6,74611497.57237962,7.364089651379308
0.25,16,2004_6,1718957501991.1255,10.441184322317943
0.25,17,2004_6,63673541.21019644,6.093258950955505
0.25,5,2004_7,12504524424585.826,7.192451592814779
0.25,16,2004_7,972797278069.3828,9.41153737707019
0.25,17,2004_7,13145359866843.814,6.063506218715975
0.25,5,2004_8,11506542575112.555,7.494794523882702
0.25,16,2004_8,655435238415.1426,9.079870779542311
0.25,17,2004_8,14703762190562.076,6.515702305475648
0.25,5,2004_9,6730218931543.699,9.803002215884119
0.25,16,2004_9,529197685124.7672,8.268189347857835
0.25,17,2004_9,8232340911583.89,6.19054035180681
0.25,5,2004_10,3111510797013.921,9.699442722721628
0.25,16,2004_10,437613621220.80554,8.59872632100128
0.25,17,2004_10,5742238564484.336,8.20774694841906
0.25,5,2004_11,1467651191256.898,10.604896385982043
0.25,16,2004_11,354423846743.9126,8.941806558450097
0.25,17,2004_11,3392144696097.5747,8.601096374012727
0.25,5,2004_12,598988806760.0073,12.392361342190755
0.25,16,2004_12,257742360840.2978,7.897099342527993
0.25,17,2004_12,1958553208732.4666,10.528850731331138
0.25,5,2005_1,262171334998.49304,11.25343246804379
0.25,16,2005_1,197711154583.29025,8.278113914800057
0.25,17,2005_1,1150327419132.2861,11.121021404830591
0.25,5,2005_2,200845003240.62845,9.869995848483601
0.25,16,2005_2,152228930327.56158,7.816632475186946
0.25,17,2005_2,720810479415.8068,10.587256560053717
0.25,5,2005_3,164067341901.99213,9.582279534357413
0.25,16,2005_3,137070867019.5565,7.829952251973574
0.25,17,2005_3,587734450484.3796,9.343525356432085
0.25,5,2005_4,144314201089.69986,9.391459888317618
0.25,16,2005_4,141451766739.22278,8.384884702918962
0.25,17,2005_4,516448251233.34467,8.580042475501982
0.25,5,2005_5,115206471504.71071,7.304225091216216
0.25,16,2005_5,176416411249.14453,9.487037487022672
0.25,17,2005_5,434768521520.8118,7.373700981408115
0.25,5,2005_6,83955154935.87096,7.280165721306563
0.25,16,2005_6,214764985224.8217,7.522118831779817
0.25,17,2005_6,320363877670.2791,7.346272511236639
0.25,5,2005_7,62665787959.25825,7.0879024049443045
0.25,16,2005_7,238506297874.79263,9.4554108524088
0.25,17,2005_7,217270036588.43637,6.131030164039111
0.25,5,2005_8,50818528013.156296,7.989929508406331
0.25,16,2005_8,271472664238.41434,10.62500197812119
0.25,17,2005_8,157643551928.77292,5.529681206892227
0.25,5,2005_9,53680428750.46796,9.08090311175846
0.25,16,2005_9,272225353755.39084,7.944660965573503
0.25,17,2005_9,138713113216.4232,5.593844227545311
0.25,5,2005_10,67596828103.90116,9.99424999674207
0.25,16,2005_10,249247356596.5415,8.190594697558545
0.25,17,2005_10,146437455695.836,7.077538789703657
0.25,5,2005_11,76402558320.9068,9.89129756290719
0.25,16,2005_11,190050781497.26886,8.157714420355829
0.25,17,2005_11,177510432796.51956,8.164783888936862
0.25,5,2005_12,83229198683.90627,10.13256469446658
0.25,16,2005_12,146252049026.3735,8.722588054612467
0.25,17,2005_12,259601247977.78503,11.181223142447683
0.25,5,2006_1,89298546160.1857,11.618744438244384
0.25,16,2006_1,115312306459.61443,8.230033403513895
0.25,17,2006_1,369097142313.4604,10.259281170756996
0.25,5,2006_2,88804263770.0887,9.498091708347086
0.25,16,2006_2,94560896380.52803,7.683089694923129
0.25,17,2006_2,409635010047.2161,9.198995841631355
0.25,5,2006_3,87084925092.39566,9.941410115390358
0.25,16,2006_3,87980536542.60722,7.776442718477757
0.25,17,2006_3,370321340321.43445,8.926739352627665
0.25,5,2006_4,83673127370.98264,9.295861405394888
0.25,16,2006_4,101184959409.0524,9.277365690143865
0.25,17,2006_4,323974818285.06744,8.151141314890403
0.25,5,2006_5,69184328599.07898,7.475104001328873
0.25,16,2006_5,123905639494.50098,8.731613663206854
0.25,17,2006_5,254350857259.7571,7.123211218872877
0.25,5,2006_6,52003465953.62965,7.447464552874163
0.25,16,2006_6,154876292689.70346,8.850056887241486
0.25,17,2006_6,199187373779.50745,6.027656040792937
0.25,5,2006_7,37552281609.95686,6.764452514230515
0.25,16,2006_7,189494672656.02982,8.950435684062823
0.25,17,2006_7,137604573483.42075,6.242552736974974
0.25,5,2006_8,27605699187.80706,6.523300841995026
0.25,16,2006_8,204228929578.362,8.894080924477802
0.25,17,2006_8,100218414737.28851,5.686620522719518
0.25,5,2006_9,24814081999.03334,8.12384375500914
0.25,16,2006_9,198776024489.23593,9.068343518305728
0.25,17,2006_9,96069002542.64827,6.427671501839439
0.25,5,2006_10,27720957836.552116,9.271583593715569
0.25,16,2006_10,180462481200.38077,9.798413962707592
0.25,17,2006_10,107477637836.66391,7.592249683504436
0.25,5,2006_11,41052066671.56655,11.122943901745437
0.25,16,2006_11,156336093142.79843,8.595759118615673
0.25,17,2006_11,126127117972.65561,8.148241633071876
0.25,5,2006_12,53794398270.99696,11.20491366586366
0.25,16,2006_12,121638329748.99066,8.202129006191575
0.25,17,2006_12,152847800690.48462,9.827559356614708
0.25,5,2007_1,60392939673.062096,10.735612627461817
0.25,16,2007_1,89446470302.07114,7.507182027907026
0.25,17,2007_1,197040495531.18515,9.624108883919277
0.25,5,2007_2,63049366133.175,10.846840108528838
0.25,16,2007_2,69925948910.7419,6.229132076128179
0.25,17,2007_2,243678733195.2125,9.808500115563108
0.25,5,2007_3,63419642695.44574,11.17655591061604
0.25,16,2007_3,59983038841.07076,8.406633876776544
0.25,17,2007_3,253717249265.7627,8.908374497794252
0.25,5,2007_4,58094972604.2364,9.106224129148996
0.25,16,2007_4,62477754899.68039,7.300040829061293
0.25,17,2007_4,230675841529.6599,8.994046496424785
0.25,5,2007_5,49432280482.67345,7.956082237903185
0.25,16,2007_5,69394899181.9752,8.730244626440864
0.25,17,2007_5,184461139934.00443,6.955822280834522
0.25,5,2007_6,36041614108.165245,6.44234564502684
0.25,16,2007_6,87966410098.47575,8.831266930904587
0.25,17,2007_6,139272091741.1703,6.304211665833424
0.25,5,2007_7,24606542343.725105,6.223484952975482
0.25,16,2007_7,109971515647.67046,8.20529904401761
0.25,17,2007_7,96283695829.50491,6.13917895484134
0.25,5,2007_8,20946926906.207092,7.157996554331966
0.25,16,2007_8,124346451933.70345,9.108492944279758
0.25,17,2007_8,72304265575.78015,5.637176630500277
0.25,5,2007_9,22123857026.620552,9.119740725809658
0.25,16,2007_9,124163605905.21046,8.620916302824687
0.25,17,2007_9,67351133429.055,6.124509237173552
0.25,5,2007_10,24457177214.5502,10.302621752025242
0.25,16,2007_10,118528840732.70029,9.762092384216427
0.25,17,2007_10,70044215166.53963,6.940980984926778
0.25,5,2007_11,28825749855.527336,10.138074670399423
0.25,16,2007_11,95650523036.37508,6.954832255845286
0.25,17,2007_11,88543024080.43634,8.22305395044678
0.25,5,2007_12,36742356902.581696,11.144478100526918
0.25,16,2007_12,71020048182.29999,7.674318032791871
0.25,17,2007_12,114221695794.83224,8.629316072931958
1,5,2004_01,0.0,0.0
1,16,2004_01,5840721319060.301,8.368227716787398
1,17,2004_01,0.0,0.0
1,5,2004_02,0.0,0.0
1,16,2004_02,8023119155153.998,7.73171274083928
1,17,2004_02,0.0,0.0
1,5,2004_03,0.0,0.0
1,16,2004_03,4980270139508.072,7.421957380931618
1,17,2004_03,0.0,0.0
1,5,2004_04,0.0,0.0
1,16,2004_04,3592345141935.569,7.480244639521964
1,17,2004_04,0.0,0.0
1,5,2004_05,0.0,0.0
1,16,2004_05,2492550905765.6924,9.621234395856874
1,17,2004_05,0.0,0.0
1,5,2004_06,956998807.6290597,7.3021746368576155
1,16,2004_06,1550184483437.469,10.41771258357529
1,17,2004_06,758906135.3040872,6.168859803739155
1,5,2004_07,12176508620539.396,7.3386230949776525
1,16,2004_07,803540769217.0703,9.285008704636146
1,17,2004_07,13363243848327.781,6.023445261141949
1,5,2004_08,11055831869959.73,7.618952161309757
1,16,2004_08,509233145142.05286,8.78458966275571
1,17,2004_08,17225814647694.412,6.463906768889259
1,5,2004_09,6294826364933.193,10.001088439593724
1,16,2004_09,421448716514.2074,7.886430274426154
1,17,2004_09,8851612842928.793,6.299091726902312
1,5,2004_10,2935304839865.2393,9.680414366317073
1,16,2004_10,343835257110.362,8.335782385177097
1,17,2004_10,6008864020987.8,8.143596790763183
1,5,2004_11,1465444574828.1475,10.722861529662492
1,16,2004_11,278231821416.7202,8.499268006565016
1,17,2004_11,3083012533171.1885,8.914286246553006
1,5,2004_12,523504124206.74567,12.881434473450096
1,16,2004_12,203441920548.96332,7.9656897317616675
1,17,2004_12,1452599762082.1318,10.983032580016815
1,5,2005_01,179736347571.3132,11.904007558370354
1,16,2005_01,157952373121.8418,7.941208171376261
1,17,2005_01,818510162782.3154,11.495705003282332
1,5,2005_02,147833694925.1166,9.762265689336045
1,16,2005_02,135990961649.62924,7.549548683177859
1,17,2005_02,506823907587.6146,10.87363458889937
1,5,2005_03,129833738053.08348,9.199095322798218
1,16,2005_03,126918100423.42575,7.6741301808002955
1,17,2005_03,426504382695.2309,9.425561399816692
1,5,2005_04,120171304055.14941,9.311557542298827
1,16,2005_04,132534246445.45276,8.004797590640484
1,17,2005_04,393401708480.36395,9.209478430674073
1,5,2005_05,99941314089.11766,7.874081052241215
1,16,2005_05,154894180882.22043,8.915915961307281
1,17,2005_05,350755874432.569,7.4206599843582755
1,5,2005_06,73764969932.1848,7.184764269920059
1,16,2005_06,180827209442.59018,6.9581174726577055
1,17,2005_06,258397880636.68436,7.5251635907214585
1,5,2005_07,56503783835.75053,6.892847307093553
1,16,2005_07,197850332698.78207,9.108169861902791
1,17,2005_07,166719820294.4172,6.256826296853766
1,5,2005_08,46032770408.509674,7.8072596004524035
1,16,2005_08,224161642041.19662,10.496432300489358
1,17,2005_08,119785415277.38512,5.589891984343405
1,5,2005_09,48265174924.681885,9.194597751154463
1,16,2005_09,223148197330.31668,7.597075129960934
1,17,2005_09,110920104862.91139,5.452991988051986
1,5,2005_10,54453159368.76535,10.084976495541525
1,16,2005_10,192583419066.57117,8.380732698382971
1,17,2005_10,122958047922.81828,7.153916268351272
1,5,2005_11,67047332723.94016,10.018635046885644
1,16,2005_11,146139595389.57318,8.442404216314252
1,17,2005_11,150642947422.3207,8.553499917048631
1,5,2005_12,80085731194.21577,9.821789425710536
1,16,2005_12,109031304618.34793,8.851221036059624
1,17,2005_12,216116734289.4178,11.60320540664605
1,5,2006_01,92194516802.12265,11.685789845136334
1,16,2006_01,83635628487.34167,7.926027556759703
1,17,2006_01,284636132742.8325,10.336944816484186
1,5,2006_02,95652368755.72244,9.252382914760583
1,16,2006_02,69019154925.89331,7.287771112739992
1,17,2006_02,310809529172.1778,9.91073841566495
1,5,2006_03,98253326637.58902,9.83862562418074
1,16,2006_03,63295717676.50833,7.251487144574328
1,17,2006_03,273896828396.31558,8.811922424236828
1,5,2006_04,97155803915.91939,9.328550013446312
1,16,2006_04,77262759358.1393,9.441320476216713
1,17,2006_04,220546433360.7169,7.938021985041474
1,5,2006_05,83280498565.77016,7.858961930215157
1,16,2006_05,94375306078.1817,8.554008459738505
1,17,2006_05,167249159779.96445,7.18224753796008
1,5,2006_06,63500758632.80608,7.265482508417145
1,16,2006_06,116750028603.50125,8.267500322254431
1,17,2006_06,131917519895.56575,5.927961487635457
1,5,2006_07,46912901466.129,6.527604739053746
1,16,2006_07,145272788924.74078,8.927819491329249
1,17,2006_07,85750513579.92322,6.188973568449529
1,5,2006_08,36209036366.1169,6.41234234926217
1,16,2006_08,160845151108.90118,8.276994855894236
1,17,2006_08,62811171038.95924,5.650035917141148
1,5,2006_09,33100544635.782715,7.80261722489613
1,16,2006_09,156946143592.7066,8.6867860062062
1,17,2006_09,63711042384.19386,6.431415118630511
1,5,2006_10,36648184923.629326,9.49384042235783
1,16,2006_10,139502044045.4633,9.279910702519198
1,17,2006_10,76939814630.73212,7.536599520346131
1,5,2006_11,55103347523.284836,11.453794208420895
1,16,2006_11,116249853459.27545,8.212774710971694
1,17,2006_11,92955046810.50412,8.352320512041215
1,5,2006_12,72143193976.54372,11.303573144138891
1,16,2006_12,90317487736.60759,8.119413226017429
1,17,2006_12,111115893118.56285,10.37167252841055
1,5,2007_01,78926231971.23251,10.818773148512072
1,16,2007_01,68765612131.26706,7.7157085111065244
1,17,2007_01,139882569430.96213,9.951608002261242
1,5,2007_02,81700378620.0052,10.375264513840488
1,16,2007_02,54630245673.16098,6.620134183530901
1,17,2007_02,179664708570.34244,10.08306945429936
1,5,2007_03,82557665946.62735,11.00328675866428
1,16,2007_03,48361010571.58669,8.012475625182235
1,17,2007_03,184979708066.1592,8.89847738027758
1,5,2007_04,75365912972.853,9.081886283194173
1,16,2007_04,50934343369.06191,7.066650307896515
1,17,2007_04,168148611842.46088,9.076490061143458
1,5,2007_05,63152648775.49116,7.654841862903569
1,16,2007_05,57315998020.80008,8.686700487466478
1,17,2007_05,132539879484.53674,7.220855277122857
1,5,2007_06,46612236510.5816,6.294971922463509
1,16,2007_06,70352315068.64696,8.758885868962693
1,17,2007_06,97209359162.30077,6.438618045974893
1,5,2007_07,34031588717.432735,6.189777523603706
1,16,2007_07,90130349946.26903,8.273710605117458
1,17,2007_07,62264989251.65119,6.042840737133011
1,5,2007_08,29301665128.69648,7.168910501667334
1,16,2007_08,106235721264.12627,9.04577869942409
1,17,2007_08,44681718813.184586,5.3961402151301066
1,5,2007_09,30892978437.899178,9.136107726878615
1,16,2007_09,107164202899.08861,8.7019380023422
1,17,2007_09,43735787535.598076,5.860414605346447
1,5,2007_10,33510688545.069355,10.223153685767498
1,16,2007_10,99271652807.33127,9.410021328559136
1,17,2007_10,47733700266.63551,6.7595430953296844
1,5,2007_11,40919619335.841446,9.949852693968797
1,16,2007_11,78395500840.9833,6.72606340338289
1,17,2007_11,61881709499.60637,8.353529704348558
1,5,2007_12,51296197094.6474,11.002153116467328
1,16,2007_12,58884902633.357925,7.692165619348987
1,17,2007_12,78417470577.68083,8.70069717638004
0.1,6,2004_01,13669544012078.963,6.334330185834861
0.1,8,2004_01,0.0,0.0
0.1,18,2004_01,0.0,0.0
0.1,6,2004_02,16996631320853.797,7.469662133100575
0.1,8,2004_02,0.0,0.0
0.1,18,2004_02,0.0,0.0
0.1,6,2004_03,9103138681186.652,8.135222489426004
0.1,8,2004_03,0.0,0.0
0.1,18,2004_03,0.0,0.0
0.1,6,2004_04,6612542764716.632,6.343153178562832
0.1,8,2004_04,0.0,0.0
0.1,18,2004_04,0.0,0.0
0.1,6,2004_05,4695182795685.476,6.567025862517829
0.1,8,2004_05,0.0,0.0
0.1,18,2004_05,0.0,0.0
0.1,6,2004_06,3277587331316.8135,8.512367366467778
0.1,8,2004_06,7590504.198050611,7.148700291772014
0.1,18,2004_06,7559208.458845349,6.435650616315937
0.1,6,2004_07,2417736017605.8896,8.376589102208097
0.1,8,2004_07,10224682870908.715,5.393712608104462
0.1,18,2004_07,14878994138970.07,7.075673544724728
0.1,6,2004_08,1783650255387.9612,7.82625448956367
0.1,8,2004_08,11370706109483.379,7.5040209007566165
0.1,18,2004_08,21549529518282.117,5.979318566623594
0.1,6,2004_09,1399393880864.9856,7.80977063043831
0.1,8,2004_09,7801603827191.185,4.3887450731446735
0.1,18,2004_09,13516195800505.97,5.703653134437088
0.1,6,2004_10,1201637361760.429,7.014571867775392
0.1,8,2004_10,6714216783082.54,6.420401228009028
0.1,18,2004_10,9375239072249.328,6.359381682490362
0.1,6,2004_11,1070554136540.94,7.191473347910191
0.1,8,2004_11,6377573932677.921,7.35856939854688
0.1,18,2004_11,5564837971193.398,5.87872422666765
0.1,6,2004_12,893447823342.8208,5.39780578722182
0.1,8,2004_12,5050434401273.934,7.615520914954046
0.1,18,2004_12,3516556911650.6704,7.987751985462916
0.1,6,2005_01,645052299249.3511,6.465735921218644
0.1,8,2005_01,4210837013289.077,6.751805556769756
0.1,18,2005_01,1868781899058.416,5.909125820740076
0.1,6,2005_02,512547259119.6815,6.97806778853042
0.1,8,2005_02,3710755128921.109,5.813584260541752
0.1,18,2005_02,1209517065895.1711,7.009602901394748
0.1,6,2005_03,509903436562.0237,8.06160457018075
0.1,8,2005_03,3385645458052.8896,6.108016341609381
0.1,18,2005_03,1012824984869.4037,6.141152888347281
0.1,6,2005_04,581149451306.1956,7.06044311689897
0.1,8,2005_04,3130951231914.0024,4.544994624553877
0.1,18,2005_04,895127313844.8937,6.94196923930233
0.1,6,2005_05,578992374735.923,7.976218229244806
0.1,8,2005_05,2875725386983.4126,4.175296369544367
0.1,18,2005_05,798325864903.0021,6.63296791140053
0.1,6,2005_06,557639290636.2568,8.349763282228851
0.1,8,2005_06,2549116748134.4214,5.290906746881524
0.1,18,2005_06,725122792745.6108,5.871371397374789
0.1,6,2005_07,529573589119.81323,8.247840140931437
0.1,8,2005_07,2346951960508.7017,5.807677428743375
0.1,18,2005_07,649565861743.1675,6.643423303983403
0.1,6,2005_08,494242287130.77106,8.572517273907533
0.1,8,2005_08,2091303883945.2366,5.946771421874249
0.1,18,2005_08,596045863342.9828,6.136073483047362
0.1,6,2005_09,459776528519.859,6.465647372994362
0.1,8,2005_09,1943869689950.0715,5.9460313573484305
0.1,18,2005_09,574083642744.3793,6.215150957249886
0.1,6,2005_10,431850244960.6379,7.3288756284417875
0.1,8,2005_10,1815348269510.3843,5.256269972350325
0.1,18,2005_10,571579071168.6458,5.022962319861427
0.1,6,2005_11,390147237412.1714,6.46849499713917
0.1,8,2005_11,1696837498436.1653,5.480285486145132
0.1,18,2005_11,582632968852.6006,6.712478244286766
0.1,6,2005_12,313811005410.0385,6.334533955574153
0.1,8,2005_12,1590731159578.3672,6.965613855264812
0.1,18,2005_12,592554884220.1145,6.819591861605005
0.1,6,2006_01,188086520391.81516,6.497529398834411
0.1,8,2006_01,1471377298451.8647,6.486122429726912
0.1,18,2006_01,574351054199.522,6.910402416467356
0.1,6,2006_02,155282721297.54437,7.369577212923986
0.1,8,2006_02,1355744462985.4048,6.495972996832509
0.1,18,2006_02,575353486291.3788,7.035505109175059
0.1,6,2006_03,145851717324.9718,8.256397929643487
0.1,8,2006_03,1282964788427.38,5.327291730107653
0.1,18,2006_03,535018182686.6295,7.014612064374475
0.1,6,2006_04,160933333204.64948,7.444553484847922
0.1,8,2006_04,1204997744970.2122,4.58339170862953
0.1,18,2006_04,476647345400.00256,6.531654707504031
0.1,6,2006_05,175074258152.43494,7.972447561248714
0.1,8,2006_05,1122847899496.3926,4.824268912054408
0.1,18,2006_05,438273712570.1535,6.418498074596177
0.1,6,2006_06,186365084100.0916,8.323770890065965
0.1,8,2006_06,1010330187678.7214,5.568376171011811
0.1,18,2006_06,390863283068.72327,6.097054708225462
0.1,6,2006_07,193207237293.72116,7.767437269696116
0.1,8,2006_07,901875203677.0559,6.866875538830585
0.1,18,2006_07,340091949222.0417,6.512043448176267
0.1,6,2006_08,193899441672.06107,7.496315731673918
0.1,8,2006_08,803595880222.1423,6.4072944989538225
0.1,18,2006_08,300570451607.60364,6.444760313526529
0.1,6,2006_09,194595277056.41537,8.815218618790473
0.1,8,2006_09,743536135342.1343,5.6525556339796665
0.1,18,2006_09,282213695055.5977,5.814377438860137
0.1,6,2006_10,183088808415.24963,7.090050856736007
0.1,8,2006_10,697266478998.7642,5.753219861231828
0.1,18,2006_10,273705785144.7586,5.7046183323537
0.1,6,2006_11,167614160273.06677,6.906141570915775
0.1,8,2006_11,672100660143.3192,5.648775828522286
0.1,18,2006_11,276902794099.1154,5.8465494107275635
0.1,6,2006_12,131782213809.413,6.691261355463483
0.1,8,2006_12,641637560437.3911,6.939156736878757
0.1,18,2006_12,300232063786.817,6.712051625565528
0.1,6,2007_01,95108061863.17206,7.478037474588397
0.1,8,2007_01,595392062035.6936,7.104722346994163
0.1,18,2007_01,318847702768.1296,6.491772306745061
0.1,6,2007_02,69218675938.2848,7.396985346974661
0.1,8,2007_02,561781652124.3441,5.9478932024917155
0.1,18,2007_02,316499939696.0979,6.9282841137008
0.1,6,2007_03,62150414515.67362,8.754074666301614
0.1,8,2007_03,531738654719.42035,5.5430382317503035
0.1,18,2007_03,307254864801.6543,7.526653361127517
0.1,6,2007_04,69193743001.69296,8.673882722385079
0.1,8,2007_04,506924827029.98956,5.032666246369178
0.1,18,2007_04,290921662840.2917,6.085190136937293
0.1,6,2007_05,78771813519.33842,7.6563251285148075
0.1,8,2007_05,462248097417.40045,5.0777170157012685
0.1,18,2007_05,255492608104.6393,6.878474631340126
0.1,6,2007_06,84921804225.37828,7.958341534391832
0.1,8,2007_06,413808442291.0447,5.23547913629001
0.1,18,2007_06,221846039272.6127,6.233321382073915
0.1,6,2007_07,95401281247.36067,8.920215679788505
0.1,8,2007_07,373065670148.0833,6.075049731294358
0.1,18,2007_07,191138356664.30734,6.969523538055727
0.1,6,2007_08,96663160570.66449,8.460967731143631
0.1,8,2007_08,335887458100.32587,6.695224979632671
0.1,18,2007_08,169837313324.91916,6.4531518763618365
0.1,6,2007_09,97589507408.1164,7.458878363157174
0.1,8,2007_09,306151390914.77795,6.04074264431009
0.1,18,2007_09,163410352235.9004,5.9914258565228495
0.1,6,2007_10,94745635209.50873,7.610578665414755
0.1,8,2007_10,287024583784.45355,6.019097241159184
0.1,18,2007_10,161414849490.97882,5.885921415063808
0.1,6,2007_11,85884748023.25447,7.216180380356241
0.1,8,2007_11,272041441650.78577,6.738807981108906
0.1,18,2007_11,176123366858.35367,6.440371129342015
0.1,6,2007_12,72419224548.27791,7.878244150352363
0.1,8,2007_12,261440556725.24255,6.844068094567004
0.1,18,2007_12,190387715003.43317,7.163791387097903
0.25,6,2004_1,13776977104161.842,6.317740352393223
0.25,8,2004_1,0.0,0.0
0.25,18,2004_1,0.0,0.0
0.25,6,2004_2,17129609074803.693,7.471280657231306
0.25,8,2004_2,0.0,0.0
0.25,18,2004_2,0.0,0.0
0.25,6,2004_3,8789069612421.215,8.239300201045523
0.25,8,2004_3,0.0,0.0
0.25,18,2004_3,0.0,0.0
0.25,6,2004_4,5754927145487.811,6.6282996430033005
0.25,8,2004_4,0.0,0.0
0.25,18,2004_4,0.0,0.0
0.25,6,2004_5,3847261070920.7104,6.926335722504665
0.25,8,2004_5,0.0,0.0
0.25,18,2004_5,0.0,0.0
0.25,6,2004_6,2444020950997.3687,8.525396039433813
0.25,8,2004_6,71133084.63393733,7.002759686291833
0.25,18,2004_6,62389590.20262348,6.2095519747884556
0.25,6,2004_7,1808418593847.5251,8.711001749772548
0.25,8,2004_7,9724805568484.906,5.344591945766253
0.25,18,2004_7,13796490802207.164,7.136907715129038
0.25,6,2004_8,1391914985849.7278,7.875574995775906
0.25,8,2004_8,10431397078431.605,7.549620820603815
0.25,18,2004_8,19315376217021.496,6.069794636258309
0.25,6,2004_9,1157228630220.6714,8.109947590061626
0.25,8,2004_9,7246723378205.605,4.349858111571704
0.25,18,2004_9,11501178706974.125,5.748902464696657
0.25,6,2004_10,994369528172.5667,7.236262818024264
0.25,8,2004_10,6873450765628.497,6.315196453469886
0.25,18,2004_10,7713896381822.602,6.420080210670713
0.25,6,2004_11,869417012777.7125,7.189582169800035
0.25,8,2004_11,6244235479687.154,7.615684946702851
0.25,18,2004_11,4925822724883.559,5.862660700317539
0.25,6,2004_12,766826432375.2532,5.452949297759701
0.25,8,2004_12,4949853218666.38,8.193226779196712
0.25,18,2004_12,3049411567040.792,8.034250576709523
0.25,6,2005_1,553663389505.9989,6.629171144506661
0.25,8,2005_1,3938946916235.367,6.957423553560686
0.25,18,2005_1,1407942400904.0808,5.699631442695256
0.25,6,2005_2,437537519626.0404,7.076867609342544
0.25,8,2005_2,3318847864208.8433,5.888034402212133
0.25,18,2005_2,811186929348.3602,6.588845231508561
0.25,6,2005_3,416449190402.38605,8.535497934348165
0.25,8,2005_3,2892042741663.049,6.410124804899339
0.25,18,2005_3,654751741045.9419,6.203530913751252
0.25,6,2005_4,482003292564.2472,7.520328332946113
0.25,8,2005_4,2514337293601.419,4.738751175677611
0.25,18,2005_4,576908388733.2673,6.821543741287925
0.25,6,2005_5,506488920201.1057,8.179609644911032
0.25,8,2005_5,2172999288449.2107,4.402142723435858
0.25,18,2005_5,540752218992.9141,6.8507830209677625
0.25,6,2005_6,481516125251.2146,8.419699030331133
0.25,8,2005_6,1994219066607.1147,5.747698619069669
0.25,18,2005_6,509097832801.11237,6.25837888371138
0.25,6,2005_7,444471053944.43713,8.430822340165768
0.25,8,2005_7,1906164799290.6626,6.001329246040948
0.25,18,2005_7,479697731977.76013,6.900153167848823
0.25,6,2005_8,403945031487.0322,8.899969604730678
0.25,8,2005_8,1790951516300.5002,6.031168552864719
0.25,18,2005_8,451193113972.68994,6.162294850619784
0.25,6,2005_9,368583403749.2556,6.573653615423681
0.25,8,2005_9,1702994398270.0215,6.217755464194715
0.25,18,2005_9,441307147208.92,6.617842228635912
0.25,6,2005_10,343461821705.88477,7.371208030661631
0.25,8,2005_10,1638963938716.4006,6.048356422514335
0.25,18,2005_10,415081212760.5605,5.219647887330817
0.25,6,2005_11,318950504359.2866,6.523918904624429
0.25,8,2005_11,1550197196445.3435,6.237010855102109
0.25,18,2005_11,394146310724.86017,6.7643708403351495
0.25,6,2005_12,264277881736.0582,6.519272582794098
0.25,8,2005_12,1430627645767.0151,8.039490711522646
0.25,18,2005_12,375481652142.3839,6.517599830871231
0.25,6,2006_1,163431187687.8423,6.87018149854434
0.25,8,2006_1,1286778592984.2144,6.899548403171967
0.25,18,2006_1,389019051505.94867,6.700903884779347
0.25,6,2006_2,133046780465.32391,7.7512573178623905
0.25,8,2006_2,1160202196657.0522,6.927301417011763
0.25,18,2006_2,411106474529.2941,7.012311222561418
0.25,6,2006_3,128079851692.58456,8.286272373150133
0.25,8,2006_3,1082980194627.41,5.4225047933591926
0.25,18,2006_3,383189644039.51556,6.588929212102277
0.25,6,2006_4,156577129843.47675,7.86480236604436
0.25,8,2006_4,1001004732295.6155,4.565536071862732
0.25,18,2006_4,323926783370.69244,6.326581793345961
0.25,6,2006_5,176606811542.34424,8.43384611710138
0.25,8,2006_5,932142625421.9124,4.766794145108134
0.25,18,2006_5,307974954055.6577,6.7182532172220935
0.25,6,2006_6,188404883650.41266,8.37666159806487
0.25,8,2006_6,858784002633.8134,5.448716134143279
0.25,18,2006_6,282046759398.0281,6.137172689429612
0.25,6,2006_7,190762130143.42307,8.314747899736565
0.25,8,2006_7,790098898939.4448,6.740568354734014
0.25,18,2006_7,269188762677.62067,6.763295812986842
0.25,6,2006_8,185646370294.31934,7.8952657094325165
0.25,8,2006_8,729134660957.9109,6.288586340031039
0.25,18,2006_8,260977896625.24368,6.60369911530914
0.25,6,2006_9,180540928582.6025,9.245925520739698
0.25,8,2006_9,687668727695.4702,5.623682340330356
0.25,18,2006_9,248711724883.46506,5.963077377441309
0.25,6,2006_10,171167642549.0142,7.676581016505735
0.25,8,2006_10,655838612772.2606,5.839759766176626
0.25,18,2006_10,228218013481.35846,6.175366161606328
0.25,6,2006_11,161245261743.89566,6.989822340462401
0.25,8,2006_11,634249998103.2878,5.806217090826512
0.25,18,2006_11,206129923458.67636,6.0205598494053
0.25,6,2006_12,133156197082.51045,7.212228564801386
0.25,8,2006_12,605876964458.8055,7.382699073070738
0.25,18,2006_12,207317664723.1697,6.907687598075246
0.25,6,2007_1,99378103912.96767,7.326363669408878
0.25,8,2007_1,566812152571.9081,7.3757173640574285
0.25,18,2007_1,211682295864.36108,5.854190332083911
0.25,6,2007_2,69641842900.7753,7.7252729430055105
0.25,8,2007_2,538865578875.7147,6.099189412016984
0.25,18,2007_2,214943262848.45377,6.618635226829833
0.25,6,2007_3,65509147655.86157,9.00341970309286
0.25,8,2007_3,506928009275.27594,5.593848502180148
0.25,18,2007_3,206206601271.84445,7.556617195989871
0.25,6,2007_4,73430855173.37039,8.94901027809744
0.25,8,2007_4,479245095763.59705,5.065458065692873
0.25,18,2007_4,209047393899.16922,6.290535197034492
0.25,6,2007_5,86282738955.9634,8.078873587894535
0.25,8,2007_5,435040231806.8624,4.981396585174433
0.25,18,2007_5,198226132141.04987,7.088768214284424
0.25,6,2007_6,95789591166.65274,8.083365676642206
0.25,8,2007_6,389965644079.6888,5.037844345211688
0.25,18,2007_6,184205235463.98734,6.802391366696958
0.25,6,2007_7,103695537261.42523,8.743297953806673
0.25,8,2007_7,355193876839.53815,5.766971521191875
0.25,18,2007_7,179703781796.77783,7.837383849109148
0.25,6,2007_8,108147740021.14146,8.463269137945828
0.25,8,2007_8,324445890550.9875,6.473232449859039
0.25,18,2007_8,174267435599.18588,7.067895385340916
0.25,6,2007_9,110858507353.24756,7.615653490002059
0.25,8,2007_9,298846571761.6122,5.896539715400251
0.25,18,2007_9,167811046561.0558,5.940780047439402
0.25,6,2007_10,108884510224.30273,7.902016162009479
0.25,8,2007_10,283254034216.0985,6.0642132057547
0.25,18,2007_10,156488914869.95016,5.970024524514301
0.25,6,2007_11,102207793043.87106,7.2909199300570915
0.25,8,2007_11,271734032367.56674,6.843523653881632
0.25,18,2007_11,151079997609.98276,6.293884097999913
0.25,6,2007_12,90026346123.56792,7.7284069086217695
0.25,8,2007_12,263906912250.16803,6.963011340435701
0.25,18,2007_12,139768025001.47153,6.719520884951539
1,6,2004_01,14931783521522.596,6.344112658059935
1,8,2004_01,0.0,0.0
1,18,2004_01,0.0,0.0
1,6,2004_02,17696281672528.453,7.476366909646659
1,8,2004_02,0.0,0.0
1,18,2004_02,0.0,0.0
1,6,2004_03,8842487081394.434,8.24636429531894
1,8,2004_03,0.0,0.0
1,18,2004_03,0.0,0.0
1,6,2004_04,5692628005777.36,6.457324017610866
1,8,2004_04,0.0,0.0
1,18,2004_04,0.0,0.0
1,6,2004_05,3642543310740.7983,6.80861801082422
1,8,2004_05,0.0,0.0
1,18,2004_05,0.0,0.0
1,6,2004_06,2176892919576.9822,8.550121217604206
1,8,2004_06,1056992679.8128985,7.021933753392409
1,18,2004_06,910445272.4325371,6.136272072464282
1,6,2004_07,1625561394598.1538,8.452193840480422
1,8,2004_07,10866251045951.844,5.302802382602501
1,18,2004_07,14870909058203.133,7.0101483212330296
1,6,2004_08,1286786442728.232,7.812528025417983
1,8,2004_08,10788045401470.871,7.438335723247023
1,18,2004_08,20236882413007.19,5.742567297881468
1,6,2004_09,1076671616082.8567,8.20987645479634
1,8,2004_09,7432583084324.963,4.531408311579065
1,18,2004_09,11707548567224.77,5.413917513872031
1,6,2004_10,924855834998.9933,7.14096806363737
1,8,2004_10,6956669950183.257,6.137272281387273
1,18,2004_10,7234685200515.861,5.9666688268690145
1,6,2004_11,834590514426.0714,7.270600483163509
1,8,2004_11,6173172658387.363,7.313106048712813
1,18,2004_11,4348454321274.621,5.42299023966487
1,6,2004_12,705285879171.7987,5.509244051865045
1,8,2004_12,5071719415944.549,7.741757045631111
1,18,2004_12,2623204944051.4497,7.409578167151088
1,6,2005_01,467595637317.8945,6.5268767898151285
1,8,2005_01,4004689245796.9106,6.738139593862452
1,18,2005_01,1458278889079.7925,5.322105038500191
1,6,2005_02,365817935686.9241,7.292018022846529
1,8,2005_02,3380129391113.329,5.658259144127387
1,18,2005_02,896070106491.2336,6.329492936829924
1,6,2005_03,355043927133.8766,8.492503386816312
1,8,2005_03,3040898516051.563,6.164834814675281
1,18,2005_03,655071571137.1597,5.796880614883415
1,6,2005_04,437548061299.77966,7.8429273254340055
1,8,2005_04,2760313109002.579,4.573948699193627
1,18,2005_04,533649470256.5821,6.240091810886781
1,6,2005_05,484323299519.12225,8.273231011765855
1,8,2005_05,2379939675905.46,3.9391241022322037
1,18,2005_05,458240249465.42316,6.107819675052874
1,6,2005_06,472354572040.5902,8.369249304392318
1,8,2005_06,2050437666803.5679,5.254725195386386
1,18,2005_06,398380878882.62537,5.593331728868727
1,6,2005_07,454287670428.99756,8.692260342302333
1,8,2005_07,1882417530697.864,5.675212399629692
1,18,2005_07,364407537090.8975,5.884486963631624
1,6,2005_08,431359898497.9311,9.262883148012365
1,8,2005_08,1704542499592.4531,5.922675058214008
1,18,2005_08,348569251620.4717,5.352100660538873
1,6,2005_09,405754330701.65405,7.001201894137786
1,8,2005_09,1578253971463.7776,5.8962774109004075
1,18,2005_09,368611248420.7558,5.5902268907556145
1,6,2005_10,381756711686.98804,7.776144345135724
1,8,2005_10,1509085266633.2568,5.143974079643935
1,18,2005_10,387926804852.7814,4.852949026421218
1,6,2005_11,353776266418.5543,6.810169116496256
1,8,2005_11,1431006542327.7837,5.474317640185358
1,18,2005_11,411708099912.4217,6.254657481494243
1,6,2005_12,273693665085.42993,6.763133624270168
1,8,2005_12,1368252637556.792,7.278482767000563
1,18,2005_12,400267132832.3803,6.619627620083934
1,6,2006_01,156509070150.8553,7.389216489895402
1,8,2006_01,1243081284165.5112,6.613752581185111
1,18,2006_01,379425954225.1646,6.029334944848284
1,6,2006_02,125860214537.20425,8.319774350171837
1,8,2006_02,1128007641829.3933,6.8135763962521265
1,18,2006_02,373491964619.63275,6.341167200859592
1,6,2006_03,117921217643.16711,8.591477722282018
1,8,2006_03,1044731438293.9932,5.3835924765268
1,18,2006_03,335441398040.2833,6.313218695350695
1,6,2006_04,141973094013.50204,8.37163803128136
1,8,2006_04,966832230608.231,4.5680329208448285
1,18,2006_04,283104482361.2558,5.478228637627546
1,6,2006_05,173340648002.0833,9.025266308962944
1,8,2006_05,897825533006.9285,4.817006693159187
1,18,2006_05,246930396157.73645,6.161687653157816
1,6,2006_06,198715343320.5086,8.574075543562389
1,8,2006_06,816569113641.3579,5.421253371517585
1,18,2006_06,212200557687.57855,5.490486399615939
1,6,2006_07,206919042731.14874,8.229358967388604
1,8,2006_07,745085497914.442,6.829786461022141
1,18,2006_07,185000819206.52808,5.245031090835146
1,6,2006_08,204257757713.671,7.973798105111096
1,8,2006_08,688849923457.535,6.292759137967342
1,18,2006_08,181217671209.6099,5.798456623424885
1,6,2006_09,197071349405.1601,9.316681753992471
1,8,2006_09,649263307802.7994,5.483847783330308
1,18,2006_09,184167837464.0358,5.333421616642653
1,6,2006_10,187113546445.03534,8.09562650408471
1,8,2006_10,611050054543.6101,5.742221331301337
1,18,2006_10,191004885434.52728,5.607861469231831
1,6,2006_11,177011431381.93634,6.97844217455551
1,8,2006_11,586928423251.1129,5.676929539337706
1,18,2006_11,197237367679.62625,5.6550421528389805
1,6,2006_12,149685061250.47003,7.36987679848085
1,8,2006_12,575618938037.6187,7.2406934506769165
1,18,2006_12,213675062351.62283,6.2128779203722075
1,6,2007_01,109600100778.08138,7.132929947434388
1,8,2007_01,547229142382.0526,7.370552334400623
1,18,2007_01,218826172827.10406,5.593261006337231
1,6,2007_02,77926027776.02487,7.779345126996272
1,8,2007_02,511863462639.0926,6.03932670494845
1,18,2007_02,214940558280.14374,6.370562452249256
1,6,2007_03,69832049735.92377,9.100210107062832
1,8,2007_03,483427083698.9086,5.554474475804249
1,18,2007_03,201277809929.19485,7.0729885540171455
1,6,2007_04,78934061615.85524,9.083671493839141
1,8,2007_04,461365769805.40497,5.12138377389356
1,18,2007_04,184101501920.91632,5.6289883664176035
1,6,2007_05,96311393849.44751,8.316027295309183
1,8,2007_05,427435717907.0834,4.913352055021687
1,18,2007_05,155986008633.19873,6.257039976903859
1,6,2007_06,106383604034.56642,7.82297329105392
1,8,2007_06,388987808568.9052,5.116246802322874
1,18,2007_06,131468122438.22984,5.512234639910423
1,6,2007_07,116270108947.66563,8.541587255648999
1,8,2007_07,359108047919.8442,5.954760098277589
1,18,2007_07,118054301605.8272,6.091215600388392
1,6,2007_08,122585350702.16931,8.453168011638455
1,8,2007_08,331312778064.1283,6.620536151008216
1,18,2007_08,112704760897.2387,5.733256412398621
1,6,2007_09,123650485918.80453,7.67501817008913
1,8,2007_09,307381619682.4109,5.859307653228935
1,18,2007_09,115575462984.77855,5.279926839684385
1,6,2007_10,121137941703.10138,7.719652676906305
1,8,2007_10,291702422006.2861,5.9656259350973855
1,18,2007_10,119655251864.80359,5.764319417991659
1,6,2007_11,112922942664.48515,7.032670481313981
1,8,2007_11,278234577251.95,6.835431414303236
1,18,2007_11,132000020914.72774,6.636039645510524
1,6,2007_12,100944340280.03574,8.596005770921625
1,8,2007_12,272286986856.2543,6.939292151031307
1,18,2007_12,135998328942.46092,6.673928573982453
0.1,3,2004_01,0.0,0.0
0.1,13,2004_01,15462963158451.686,6.075572316683324
0.1,21,2004_01,0.0,0.0
0.1,3,2004_02,0.0,0.0
0.1,13,2004_02,13200347318998.65,7.499708518781818
0.1,21,2004_02,0.0,0.0
0.1,3,2004_03,0.0,0.0
0.1,13,2004_03,3557073883640.4487,9.678727848924282
0.1,21,2004_03,0.0,0.0
0.1,3,2004_04,0.0,0.0
0.1,13,2004_04,1390220885191.3582,8.690025293758863
0.1,21,2004_04,0.0,0.0
0.1,3,2004_05,0.0,0.0
0.1,13,2004_05,888009450096.8823,10.552770420780465
0.1,21,2004_05,0.0,0.0
0.1,3,2004_06,9835075.841785531,7.712302510191797
0.1,13,2004_06,697009263755.188,8.727884866285173
0.1,21,2004_06,11586983.971662141,5.9317261535196
0.1,3,2004_07,6733154683539.845,7.270165411567823
0.1,13,2004_07,594289603307.2592,8.309570009307405
0.1,21,2004_07,16546679147485.34,5.172819475323937
0.1,3,2004_08,9092936651702.943,7.641831493367383
0.1,13,2004_08,579569386144.971,8.236394781854996
0.1,21,2004_08,16564873178415.178,5.448952903161173
0.1,3,2004_09,7001077943120.905,6.961717544154285
0.1,13,2004_09,527271148698.0558,7.206534682746544
0.1,21,2004_09,10414531011838.375,7.1152194030992835
0.1,3,2004_10,5500080662762.382,7.015703347274081
0.1,13,2004_10,463632338301.21246,8.914235953488323
0.1,21,2004_10,6328603845285.0625,6.917812406999104
0.1,3,2004_11,4493520788419.174,6.755611650482907
0.1,13,2004_11,391253573595.45825,7.936695208233626
0.1,21,2004_11,4041306717719.8516,7.651837470300686
0.1,3,2004_12,3549779328807.4463,7.660362135738394
0.1,13,2004_12,229238620704.39136,6.928642447224184
0.1,21,2004_12,2529613727675.522,8.261795648230114
0.1,3,2005_01,2799457250371.187,6.724892036127154
0.1,13,2005_01,95800598206.81326,5.64677304745682
0.1,21,2005_01,1681134685670.3765,8.756885513425484
0.1,3,2005_02,2512248150970.625,7.796443297823771
0.1,13,2005_02,72917413142.56656,8.383126324776377
0.1,21,2005_02,1075911558565.5298,9.202389168970559
0.1,3,2005_03,2121166974770.852,7.692428410348423
0.1,13,2005_03,81062416070.62405,8.487540269953541
0.1,21,2005_03,795216319190.4073,9.519188779258267
0.1,3,2005_04,1756732370074.5269,7.682602779310097
0.1,13,2005_04,109465860511.55849,10.051686569645547
0.1,21,2005_04,623828309185.227,7.743020691115599
0.1,3,2005_05,1461496403855.9314,6.295532136508134
0.1,13,2005_05,173111819052.21042,8.404565268851016
0.1,21,2005_05,509406702495.3103,6.704584919806662
0.1,3,2005_06,1231037735112.7004,7.063909842469561
0.1,13,2005_06,231540001418.61398,9.010578781187183
0.1,21,2005_06,400836084589.5076,6.019199091264853
0.1,3,2005_07,1065002176111.2882,7.444875885246043
0.1,13,2005_07,255501832834.73328,7.711642363600707
0.1,21,2005_07,291603349844.8248,5.087603706027386
0.1,3,2005_08,923793951361.2596,6.1271368065927
0.1,13,2005_08,263255050912.4254,7.757105440294386
0.1,21,2005_08,233139295626.6308,5.234410927799059
0.1,3,2005_09,829089677376.9937,7.242811696680337
0.1,13,2005_09,283004384430.05927,6.948796954174465
0.1,21,2005_09,219051470311.92352,6.936966595499763
0.1,3,2005_10,814867244814.2495,7.358746402943958
0.1,13,2005_10,294941314111.8754,6.287138172985502
0.1,21,2005_10,233286792241.29745,8.144324963506472
0.1,3,2005_11,829423283139.6973,6.91626120411801
0.1,13,2005_11,293996110387.0151,6.280622536738317
0.1,21,2005_11,279423193241.644,8.375978068124468
0.1,3,2005_12,881774620881.6736,6.626396827289092
0.1,13,2005_12,220970329916.6289,6.175818595569653
0.1,21,2005_12,330050085746.3287,8.279830114782015
0.1,3,2006_01,933311671179.3109,8.196317822036551
0.1,13,2006_01,138277836898.09482,5.71801707449138
0.1,21,2006_01,352615226564.5457,9.106036452476266
0.1,3,2006_02,919694696375.1586,7.73113445810078
0.1,13,2006_02,114902011433.5093,5.587342675010205
0.1,21,2006_02,364781908994.53174,8.950375792429854
0.1,3,2006_03,842145874545.296,6.962711715290403
0.1,13,2006_03,116814409964.32207,7.390607104390787
0.1,21,2006_03,362173975133.01886,9.290654914987693
0.1,3,2006_04,745728579644.8765,7.6622663270034685
0.1,13,2006_04,158039301593.9866,7.780970240184844
0.1,21,2006_04,328184731521.64325,7.253170593951045
0.1,3,2006_05,630027520559.7644,6.890478928978594
0.1,13,2006_05,199132121823.15112,7.346314890884411
0.1,21,2006_05,276161203118.40735,6.673708358675368
0.1,3,2006_06,504645852106.67706,6.759040946128311
0.1,13,2006_06,213648525040.3015,6.809109949886984
0.1,21,2006_06,213340982376.65158,6.132410556775419
0.1,3,2006_07,440959021734.4573,7.108817255468797
0.1,13,2006_07,231834363657.27542,7.985626304814239
0.1,21,2006_07,161885707477.70407,5.681021015284589
0.1,3,2006_08,398330223298.8527,6.485474547326504
0.1,13,2006_08,228592338070.8784,6.511156595683083
0.1,21,2006_08,129944086343.40555,5.675934193884234
0.1,3,2006_09,381022387972.3002,5.814268257090065
0.1,13,2006_09,233676556498.75027,7.168010108631004
0.1,21,2006_09,131613802396.33334,7.019136218058223
0.1,3,2006_10,403274095660.74493,6.708356554075318
0.1,13,2006_10,244523007226.99118,6.999710017189011
0.1,21,2006_10,155704633486.6226,7.482337575094846
0.1,3,2006_11,428787379057.0518,6.483963947168578
0.1,13,2006_11,254406624103.7228,6.485958097765407
0.1,21,2006_11,187443862236.5002,8.677401737183864
0.1,3,2006_12,474817350156.9907,7.378030099088001
0.1,13,2006_12,244005999946.66678,5.204857834756012
0.1,21,2006_12,228464364433.57263,9.342902533171605
0.1,3,2007_01,513658808869.8572,7.9223250742872775
0.1,13,2007_01,191651410622.82138,5.921393114300231
0.1,21,2007_01,252096214747.90857,9.189856360507692
0.1,3,2007_02,534922615518.5835,6.944992427836357
0.1,13,2007_02,152795495331.93265,5.125514005384964
0.1,21,2007_02,271099983533.4378,9.721131034915748
0.1,3,2007_03,495064516815.32794,6.750701194019849
0.1,13,2007_03,165727199295.13455,6.6070575658998445
0.1,21,2007_03,259844026413.67725,8.487345966936742
0.1,3,2007_04,448322369783.05194,6.7067889679626
0.1,13,2007_04,180478102003.2196,6.018262440045491
0.1,21,2007_04,240302304297.8317,7.372006218034146
0.1,3,2007_05,393990895543.1514,5.713722766169125
0.1,13,2007_05,195038056518.09073,5.654504877921363
0.1,21,2007_05,201434816713.99048,6.976885244826449
0.1,3,2007_06,347531440950.3227,5.953799773069275
0.1,13,2007_06,202112031249.5605,5.825809467438196
0.1,21,2007_06,161190418948.99072,6.045550820742882
0.1,3,2007_07,343310525763.5323,6.18070643072494
0.1,13,2007_07,209387457389.0909,7.005910618656755
0.1,21,2007_07,122741204832.7588,5.859950592935308
0.1,3,2007_08,341922125460.67896,6.13771924086356
0.1,13,2007_08,213213871938.80176,6.553767880541228
0.1,21,2007_08,102268390499.96951,6.034810930207244
0.1,3,2007_09,342670304002.2471,6.1541229422073185
0.1,13,2007_09,219476959377.3291,6.899665500834051
0.1,21,2007_09,97860094139.04143,6.139415408387631
0.1,3,2007_10,351576221653.59625,6.4176215669555186
0.1,13,2007_10,220546950535.27426,7.205096422563982
0.1,21,2007_10,108163261104.98943,7.111287834170358
0.1,3,2007_11,353402692009.4298,6.907821181190247
0.1,13,2007_11,210275695738.4851,5.778421007128815
0.1,21,2007_11,132375325779.08618,7.698578423706307
0.1,3,2007_12,358544857084.59656,7.329570533754616
0.1,13,2007_12,188362472893.45312,5.998999921178959
0.1,21,2007_12,164761753579.5005,8.427239928879354
0.25,3,2004_1,0.0,0.0
0.25,13,2004_1,15082217373621.297,6.114964541009512
0.25,21,2004_1,0.0,0.0
0.25,3,2004_2,0.0,0.0
0.25,13,2004_2,13016959092827.506,7.485741072037998
0.25,21,2004_2,0.0,0.0
0.25,3,2004_3,0.0,0.0
0.25,13,2004_3,3815259749227.26,9.604595992130994
0.25,21,2004_3,0.0,0.0
0.25,3,2004_4,0.0,0.0
0.25,13,2004_4,1755815639356.4255,8.867584017557032
0.25,21,2004_4,0.0,0.0
0.25,3,2004_5,0.0,0.0
0.25,13,2004_5,1099616550643.1343,10.942281603519154
0.25,21,2004_5,0.0,0.0
0.25,3,2004_6,66198750.38232222,7.606351672532115
0.25,13,2004_6,826445543217.8412,8.860463949727329
0.25,21,2004_6,58451585.127122074,5.831682953552025
0.25,3,2004_7,6804919095894.2,7.26494033796656
0.25,13,2004_7,661388801810.7925,9.898231483750399
0.25,21,2004_7,14905937704273.11,5.093566574790558
0.25,3,2004_8,9108118189417.867,7.625432083100747
0.25,13,2004_8,558241575756.8287,9.60890518428537
0.25,21,2004_8,16130794115120.055,5.408403478434484
0.25,3,2004_9,7166838019007.862,6.9900279613826255
0.25,13,2004_9,483369700694.05597,8.69403781244752
0.25,21,2004_9,10110390735321.084,7.171399790057341
0.25,3,2004_10,5629417587873.011,6.984134903224397
0.25,13,2004_10,425412439597.0757,9.667954180745825
0.25,21,2004_10,6058597448316.4,7.008247922492304
0.25,3,2004_11,4448406452878.019,6.757174958792956
0.25,13,2004_11,368813798083.4216,9.556797810242589
0.25,21,2004_11,3721237912617.7227,7.730387993165941
0.25,3,2004_12,3506640633092.8467,7.696101335592008
0.25,13,2004_12,222878394070.997,8.075539088730915
0.25,21,2004_12,2435781665665.6235,8.437962338164422
0.25,3,2005_1,2749142660263.196,6.375034059652743
0.25,13,2005_1,99778745240.16321,6.025196903294418
0.25,21,2005_1,1612312342632.2388,8.866955580844373
0.25,3,2005_2,2462761569169.4634,7.7847125473225995
0.25,13,2005_2,71258495831.76149,8.378471104991666
0.25,21,2005_2,1056763197885.658,8.993176642098087
0.25,3,2005_3,2103317546262.6343,7.4549080645116295
0.25,13,2005_3,93362148573.41705,8.585901625119751
0.25,21,2005_3,746945389708.2543,9.201512643321887
0.25,3,2005_4,1730325082173.4426,7.839803522453605
0.25,13,2005_4,139249044811.37216,10.2297417929994
0.25,21,2005_4,587071738981.1047,7.923902709469595
0.25,3,2005_5,1370533318472.3687,6.4006606054896835
0.25,13,2005_5,189901344873.86243,10.388638484481977
0.25,21,2005_5,477045294635.39844,6.676111717242287
0.25,3,2005_6,1153362536955.0276,7.266490670480833
0.25,13,2005_6,214048854255.13037,9.299353019224755
0.25,21,2005_6,375263499377.62164,6.028152223389864
0.25,3,2005_7,989029389275.8696,7.675747568376101
0.25,13,2005_7,222799663477.56866,9.371482769061338
0.25,21,2005_7,285556010431.58704,5.158243976685698
0.25,3,2005_8,849650018326.2913,6.320047028352596
0.25,13,2005_8,230790080605.33484,8.587928586104868
0.25,21,2005_8,238411799088.98367,5.183985691169637
0.25,3,2005_9,754010731466.2316,7.462768775034462
0.25,13,2005_9,231103931780.54114,8.060969511267842
0.25,21,2005_9,218977059405.92575,6.979073935974316
0.25,3,2005_10,719636401952.6936,7.538457213753711
0.25,13,2005_10,232909221158.93054,6.870650353756806
0.25,21,2005_10,223472469111.8718,8.16899692586641
0.25,3,2005_11,736183076036.473,6.93723955262891
0.25,13,2005_11,225828998108.6895,6.369639557472524
0.25,21,2005_11,262568034732.54767,8.275874100442996
0.25,3,2005_12,802840884305.977,6.580479980185663
0.25,13,2005_12,178793568622.76068,4.268017205696257
0.25,21,2005_12,303195946277.2983,8.451301315524056
0.25,3,2006_1,882607671836.7654,8.453195435716033
0.25,13,2006_1,109372348897.14656,5.7978425657605435
0.25,21,2006_1,324931833970.0873,9.642746171235292
0.25,3,2006_2,869304373722.9137,7.6697323363060335
0.25,13,2006_2,82671806986.8624,7.220294087239532
0.25,21,2006_2,337147678289.595,9.478636792154637
0.25,3,2006_3,798439801558.9088,6.928417608796801
0.25,13,2006_3,89054985050.98387,8.415023951956755
0.25,21,2006_3,335925626057.15533,9.473643017388184
0.25,3,2006_4,705325386836.3483,7.851866891562682
0.25,13,2006_4,119417481876.66382,9.362967089880293
0.25,21,2006_4,300645965374.47955,7.339042690680305
0.25,3,2006_5,586768479535.6135,6.904997295584017
0.25,13,2006_5,159856977707.41663,8.952559162969923
0.25,21,2006_5,248181934879.73187,6.8859374131573166
0.25,3,2006_6,473539699066.48065,6.902845929207786
0.25,13,2006_6,180132174707.86075,8.251426290823273
0.25,21,2006_6,188276472417.1019,6.14664977644525
0.25,3,2006_7,409554678660.6493,7.225927897607135
0.25,13,2006_7,183486372586.58282,7.4220258846861045
0.25,21,2006_7,137484978464.73212,5.979593181413223
0.25,3,2006_8,357906008320.69977,6.478371839385428
0.25,13,2006_8,176939513062.63306,10.186227382958357
0.25,21,2006_8,111607578956.78331,5.812607216077369
0.25,3,2006_9,333270713869.6648,5.779414401766727
0.25,13,2006_9,170652191765.904,7.615354801160726
0.25,21,2006_9,115515876220.23079,6.993372907631863
0.25,3,2006_10,347633107054.3245,6.705101589373607
0.25,13,2006_10,166027882681.39673,7.1054702564019685
0.25,21,2006_10,136520628603.55737,7.449950692997854
0.25,3,2006_11,360573944816.9573,6.662535058857845
0.25,13,2006_11,156724319502.15088,7.602137635931708
0.25,21,2006_11,162155721996.79678,8.806854954903496
0.25,3,2006_12,404156725292.0133,7.626830876114321
0.25,13,2006_12,121132455416.52057,6.0157279867941185
0.25,21,2006_12,197774169092.1742,9.913933336257848
0.25,3,2007_1,445985653958.3734,8.091796827294738
0.25,13,2007_1,74150063267.5623,5.59702474679947
0.25,21,2007_1,222213137891.18582,10.47888869271783
0.25,3,2007_2,483983012099.1726,7.128363427041648
0.25,13,2007_2,50032852283.626114,6.834307860320697
0.25,21,2007_2,238912381553.9649,10.580280665846965
0.25,3,2007_3,455287512986.2475,6.804877637060672
0.25,13,2007_3,52763510990.433,8.480474232590357
0.25,21,2007_3,231481791184.84964,9.19118087322255
0.25,3,2007_4,419634548952.73376,6.707341387263667
0.25,13,2007_4,73587508145.24927,7.330030145884326
0.25,21,2007_4,214438628685.97293,8.086768771965643
0.25,3,2007_5,376553063838.8995,5.576228241572362
0.25,13,2007_5,93453231710.88373,7.853137901961361
0.25,21,2007_5,179600730025.03006,7.338930538938467
0.25,3,2007_6,352977703095.77325,5.881918476046517
0.25,13,2007_6,114104505536.87204,8.088085779851685
0.25,21,2007_6,139692349364.1441,6.090936226521912
0.25,3,2007_7,367984337781.52545,6.0787262734233956
0.25,13,2007_7,122865623568.501,9.001812952630159
0.25,21,2007_7,104939408539.2479,6.057326546503612
0.25,3,2007_8,383130146867.5549,6.103674681542838
0.25,13,2007_8,124443858587.11247,7.615360163186091
0.25,21,2007_8,85518805556.35837,6.149787221489321
0.25,3,2007_9,390508831379.1814,6.297859141053011
0.25,13,2007_9,122194815034.54016,6.289894047403921
0.25,21,2007_9,79821975946.07153,6.284780174771507
0.25,3,2007_10,407855817134.9723,6.341674545198907
0.25,13,2007_10,120575142158.19693,8.100526654993626
0.25,21,2007_10,91706589620.51726,7.704502959189036
0.25,3,2007_11,408450738220.7097,6.870927608777059
0.25,13,2007_11,113375027618.88858,6.745363545060441
0.25,21,2007_11,110923384460.12141,7.901704538071314
0.25,3,2007_12,410948836459.54614,7.382673125421938
0.25,13,2007_12,93401252608.01831,6.312646639017725
0.25,21,2007_12,143700305040.72943,9.349089912725281
1,3,2004_01,0.0,0.0
1,13,2004_01,11440106877042.668,6.092180577901688
1,21,2004_01,0.0,0.0
1,3,2004_02,0.0,0.0
1,13,2004_02,10379242873035.668,7.407878052596089
1,21,2004_02,0.0,0.0
1,3,2004_03,0.0,0.0
1,13,2004_03,3574767882811.536,9.420709901745075
1,21,2004_03,0.0,0.0
1,3,2004_04,0.0,0.0
1,13,2004_04,1573234895367.2344,8.433264655611096
1,21,2004_04,0.0,0.0
1,3,2004_05,0.0,0.0
1,13,2004_05,941863295782.5433,9.888541649054513
1,21,2004_05,0.0,0.0
1,3,2004_06,962701668.6307352,7.52721748542834
1,13,2004_06,649930590828.3667,8.351641571695348
1,21,2004_06,678706523.453815,6.115131570489735
1,3,2004_07,7111517785538.753,7.281920623595274
1,13,2004_07,467420849727.32263,9.862947235192998
1,21,2004_07,12141563018436.535,5.592626050576103
1,3,2004_08,9523954543130.15,7.629368313193863
1,13,2004_08,375205670820.26807,9.55271268105158
1,21,2004_08,10937690191595.793,5.87635241871717
1,3,2004_09,7199174211963.276,6.796933538677789
1,13,2004_09,327155325592.8377,9.182098105973896
1,21,2004_09,7002754291495.505,6.8231037892531505
1,3,2004_10,5585520213819.266,6.867960185233887
1,13,2004_10,290499760301.7996,9.587736176419183
1,21,2004_10,4282388887763.7104,8.39485696112218
1,3,2004_11,4406727143165.009,6.907508650290385
1,13,2004_11,242326927151.31683,9.144692870866127
1,21,2004_11,2644017265652.523,9.105272197093228
1,3,2004_12,3540122847020.3633,7.606843060218402
1,13,2004_12,143749178117.34756,8.075275309919402
1,21,2004_12,1869751022198.2534,9.638421121988365
1,3,2005_01,2933972130927.7534,6.320375858147542
1,13,2005_01,83046042437.50452,7.151952219131772
1,21,2005_01,1275733511822.2354,9.985006100701803
1,3,2005_02,2536542625105.6064,7.708853379048445
1,13,2005_02,71086418490.50713,8.748069421618174
1,21,2005_02,869351103364.2415,9.773039438706542
1,3,2005_03,2155969884781.3203,7.444784698322173
1,13,2005_03,74423557977.46535,9.5299309100893
1,21,2005_03,654097273448.7793,9.827821362986667
1,3,2005_04,1736142044918.4204,7.744655056451643
1,13,2005_04,91531278614.20482,10.220027418496548
1,21,2005_04,526216928959.8396,8.374085701356874
1,3,2005_05,1372609116141.2231,6.374578265610354
1,13,2005_05,112228494774.3641,10.912473695259585
1,21,2005_05,412474618213.2575,7.224416813890532
1,3,2005_06,1152538686387.8694,7.197744027687854
1,13,2005_06,121931019645.76888,10.133572299733919
1,21,2005_06,311781297482.86584,6.823637885257732
1,3,2005_07,968591075956.2305,7.586631346495743
1,13,2005_07,125437330261.37808,9.940072577345939
1,21,2005_07,221184141931.33066,5.68668693691606
1,3,2005_08,821725392576.4332,6.343359288422189
1,13,2005_08,131558805988.48982,9.678785664043977
1,21,2005_08,183336313216.8228,5.94929714361128
1,3,2005_09,719231606625.4735,7.549929346396342
1,13,2005_09,131824212179.40834,8.758284352329358
1,21,2005_09,176742317940.31293,7.557122148606165
1,3,2005_10,684568017206.0486,7.609979044265578
1,13,2005_10,130533424587.97096,7.872737102470056
1,21,2005_10,196366434231.25195,8.914864106196028
1,3,2005_11,710321858641.1819,7.018853839133362
1,13,2005_11,118222048375.58783,7.459267945228335
1,21,2005_11,228096788849.57254,8.87863608757631
1,3,2005_12,778140695893.073,6.670301338448947
1,13,2005_12,84115773114.34491,5.149068551695063
1,21,2005_12,242618113890.5275,8.9939989158941
1,3,2006_01,862815845038.85,8.558418042610509
1,13,2006_01,55957640324.80389,6.703614792231619
1,21,2006_01,257956204392.8171,10.560897037603482
1,3,2006_02,870679582858.7201,7.745854551896952
1,13,2006_02,44277897460.505905,7.353192586918584
1,21,2006_02,271233627402.17157,10.26476113102737
1,3,2006_03,779452117629.3451,7.131208451510778
1,13,2006_03,43862710157.6163,9.711195165414727
1,21,2006_03,279340329989.77405,9.737914251309885
1,3,2006_04,662795008279.3182,7.929456232164656
1,13,2006_04,49457836927.06289,10.546756828237124
1,21,2006_04,259613777586.9757,7.659833669469563
1,3,2006_05,556118197476.8398,6.964021134679909
1,13,2006_05,64219355309.03998,10.423329721652017
1,21,2006_05,211725136091.29706,7.765214363394046
1,3,2006_06,445816402399.5842,7.036709281551012
1,13,2006_06,77955667827.40756,9.137353537590002
1,21,2006_06,164708429846.784,6.769954220590591
1,3,2006_07,380109430085.5427,7.330071323134982
1,13,2006_07,86108952165.45506,7.865021491471161
1,21,2006_07,122127843478.85944,6.678909254592428
1,3,2006_08,324940011795.6127,6.6758892884071015
1,13,2006_08,90506462808.75427,9.260328449133144
1,21,2006_08,100693911290.92914,6.53665100845561
1,3,2006_09,294771887341.8702,6.038105582210047
1,13,2006_09,90482237337.59206,8.046204337755258
1,21,2006_09,111645317013.78989,7.963442778342982
1,3,2006_10,296880245439.41846,6.725720537064043
1,13,2006_10,87999474477.71039,7.591226480086753
1,21,2006_10,138528351523.7657,8.446327432446397
1,3,2006_11,310787763300.053,6.7090088935697025
1,13,2006_11,82190978632.76935,7.299617255975793
1,21,2006_11,167735300965.66327,10.040097321087638
1,3,2006_12,356105674104.43665,7.943929078795868
1,13,2006_12,59273218170.97963,6.702230841599887
1,21,2006_12,195488262637.44995,11.14192656008792
1,3,2007_01,388051472552.2455,8.334458609871769
1,13,2007_01,37270663396.359726,6.375291153386371
1,21,2007_01,214147470754.76224,11.307345730255587
1,3,2007_02,409867112580.0593,7.237360409588498
1,13,2007_02,27847965102.560215,7.630459419991653
1,21,2007_02,223799095708.04422,11.660809259393258
1,3,2007_03,380377874055.99976,6.910393579308769
1,13,2007_03,28277242527.879513,8.45778106056186
1,21,2007_03,215984052704.6573,10.30855435794987
1,3,2007_04,348259162390.14844,6.921868286640951
1,13,2007_04,35597234540.87656,8.732996882095426
1,21,2007_04,193615308074.55118,8.881605972952515
1,3,2007_05,305541248641.8921,5.710991015476358
1,13,2007_05,43733795568.828865,8.861477900986994
1,21,2007_05,162404397400.6904,8.025808415548278
1,3,2007_06,272475043577.56116,6.094620041420759
1,13,2007_06,54846924677.00296,9.35161537112736
1,21,2007_06,124105982499.11116,6.662523368293694
1,3,2007_07,271548596131.84082,6.197718711152964
1,13,2007_07,61150304263.17153,10.228420066485864
1,21,2007_07,92030916358.45374,6.4056110184882975
1,3,2007_08,280780366000.50836,6.099824393175005
1,13,2007_08,65026310162.50224,8.126950327240259
1,21,2007_08,76464494195.01973,6.7051499378238475
1,3,2007_09,293477368221.3623,6.118255657711186
1,13,2007_09,66780849877.67297,6.24108440770341
1,21,2007_09,73454454733.19064,7.770425874335557
1,3,2007_10,320501502945.8014,6.342872747761637
1,13,2007_10,66581090742.52501,8.629858185727645
1,21,2007_10,87004896431.86937,8.937894866653572
1,3,2007_11,339408184228.40564,6.912957894001725
1,13,2007_11,61169808790.15795,6.348575786340195
1,21,2007_11,103592723490.32706,9.251340852680878
1,3,2007_12,352184365370.815,7.409120275880129
1,13,2007_12,44124109981.24442,7.007511102289985
1,21,2007_12,123581136479.35988,10.783169632828482
